IRTT,	ORTT,	T1,		T2,	G,		HNG	,	phiL,	phiR,	UX1,		UY1	,	UX2	,	UY2	,	UX3	,	UY3	,	UX4	,	UY4	,	UX5,		UY5,		UX6	,	UY6,		UX7,		UY7,		UX8,		UY8,MaxVM,Error
  0.005000,  0.018000,  0.750000,  0.640000,  0.030000,  0.030000,  0.200000,  0.200000, -0.490000, -0.032016, -0.270357, -0.067662, -0.236203, -0.070678, -0.013712, -0.074066,  0.023105, -0.070156,  0.239923, -0.020118,  0.261290, -0.018218,  0.483535, -0.029222,520499808.000000,  0.028241
  0.011000,  0.028000,  0.230000,  0.170000,  0.030000,  0.030000,  0.200000,  0.200000, -0.481462, -0.027952, -0.260598, -0.000884, -0.234942,  0.000433, -0.012467, -0.003873,  0.021603, -0.002151,  0.242511,  0.024554,  0.261758,  0.023554,  0.478706, -0.025915,26338270.000000,  0.314554
  0.003000,  0.030000,  0.190000,  0.100000,  0.030000,  0.030000,  0.200000,  0.200000, -0.480952, -0.027608, -0.260622,  0.003509, -0.235801,  0.004908, -0.013370, -0.001256,  0.020546,  0.000073,  0.241813,  0.023620,  0.261655,  0.022491,  0.478822, -0.026009,26296670.000000,  0.331460
  0.006000,  0.012000,  0.640000,  0.580000,  0.030000,  0.030000,  0.200000,  0.200000, -0.490045, -0.032030, -0.270454, -0.067991, -0.232109, -0.068658, -0.011399, -0.040356,  0.019053, -0.036060,  0.238979, -0.002202,  0.260603, -0.001826,  0.481572, -0.028025,1384826112.000000,  0.082007
  0.004000,  0.023000,  0.530000,  0.270000,  0.030000,  0.030000,  0.200000,  0.200000, -0.485483, -0.030237, -0.262995, -0.033805, -0.235636, -0.035416, -0.014268, -0.057989,  0.025302, -0.055322,  0.241641, -0.003250,  0.260605, -0.002117,  0.481606, -0.028048,83274000.000000,  0.068362
  0.013000,  0.028000,  0.260000,  0.170000,  0.030000,  0.030000,  0.200000,  0.200000, -0.481751, -0.028142, -0.260620, -0.003351, -0.234948, -0.002296, -0.012528, -0.008866,  0.022283, -0.007009,  0.242742,  0.023184,  0.261646,  0.022397,  0.478832, -0.026018,31691486.000000,  0.287628
  0.004000,  0.024000,  0.600000,  0.320000,  0.030000,  0.030000,  0.200000,  0.200000, -0.486031, -0.030494, -0.263643, -0.038073, -0.235837, -0.040000, -0.014530, -0.063181,  0.025231, -0.060466,  0.241335, -0.007429,  0.260673, -0.006069,  0.482072, -0.028347,99883936.000000,  0.053060
  0.020000,  0.028000,  0.460000,  0.390000,  0.030000,  0.030000,  0.200000,  0.200000, -0.483763, -0.029349, -0.261440, -0.020078, -0.233433, -0.019833, -0.010981, -0.025216,  0.025082, -0.022257,  0.243680,  0.019319,  0.261364,  0.019162,  0.479187, -0.026302,45320948.000000,  0.196604
  0.005000,  0.020000,  0.140000,  0.120000,  0.030000,  0.030000,  0.200000,  0.200000, -0.481078, -0.027694, -0.260608,  0.002417, -0.234986,  0.004082, -0.012474,  0.002746,  0.020544,  0.004251,  0.242013,  0.025827,  0.261856,  0.024524,  0.478601, -0.025828,43245088.000000,  0.350723
  0.011000,  0.018000,  0.200000,  0.190000,  0.030000,  0.030000,  0.200000,  0.200000, -0.482118, -0.028377, -0.260683, -0.006462, -0.233655, -0.005103, -0.011139, -0.004689,  0.022550, -0.002475,  0.243208,  0.026225,  0.261933,  0.025269,  0.478520, -0.025761,93344688.000000,  0.304405
  0.007000,  0.026000,  0.410000,  0.360000,  0.030000,  0.030000,  0.200000,  0.200000, -0.483550, -0.029230, -0.261300, -0.018339, -0.233349, -0.017916, -0.010871, -0.022076,  0.024829, -0.019182,  0.243731,  0.020764,  0.261475,  0.020490,  0.479041, -0.026186,33315532.000000,  0.211827
  0.006000,  0.027000,  0.650000,  0.430000,  0.030000,  0.030000,  0.200000,  0.200000, -0.485945, -0.030454, -0.263537, -0.037409, -0.235027, -0.038986, -0.013208, -0.056592,  0.025780, -0.053481,  0.242000, -0.000923,  0.260596,  0.000123,  0.481345, -0.027874,79040536.000000,  0.071421
  0.012000,  0.029000,  0.110000,  0.060000,  0.030000,  0.030000,  0.200000,  0.200000, -0.480302, -0.027148, -0.260773,  0.009193, -0.236350,  0.011006, -0.013861,  0.007485,  0.018667,  0.008363,  0.240642,  0.023882,  0.261638,  0.022313,  0.478841, -0.026025,15065478.000000,  0.380345
  0.007000,  0.016000,  0.380000,  0.310000,  0.030000,  0.030000,  0.200000,  0.200000, -0.485115, -0.030057, -0.262600, -0.030909, -0.232642, -0.031045, -0.010128, -0.032208,  0.025808, -0.028615,  0.243688,  0.016576,  0.261176,  0.016657,  0.479464, -0.026519,318948608.000000,  0.157972
  0.018000,  0.030000,  0.250000,  0.210000,  0.030000,  0.030000,  0.200000,  0.200000, -0.481506, -0.027982, -0.260599, -0.001263, -0.234667,  0.000145, -0.012166, -0.002491,  0.021596, -0.000710,  0.242584,  0.025324,  0.261829,  0.024266,  0.478629, -0.025851,28842172.000000,  0.320904
  0.006000,  0.026000,  0.080000,  0.080000,  0.030000,  0.030000,  0.200000,  0.200000, -0.480110, -0.027007, -0.260844,  0.010888, -0.236149,  0.013016, -0.013632,  0.013189,  0.017747,  0.013944,  0.240015,  0.024471,  0.261665,  0.022596,  0.478810, -0.026000,12700146.000000,  0.409889
  0.015000,  0.025000,  0.270000,  0.220000,  0.030000,  0.030000,  0.200000,  0.200000, -0.482148, -0.028395, -0.260690, -0.006709, -0.234197, -0.005641, -0.011713, -0.009422,  0.022886, -0.007260,  0.243167,  0.024200,  0.261746,  0.023439,  0.478718, -0.025925,46854092.000000,  0.281675
  0.005000,  0.020000,  0.010000,  0.010000,  0.030000,  0.030000,  0.200000,  0.200000, -0.479457, -0.026514, -0.261181,  0.016724, -0.237283,  0.019073, -0.014766,  0.019171,  0.015461,  0.019299,  0.237970,  0.021084,  0.261334,  0.018785,  0.479228, -0.026335,5321196.000000,  0.440745
  0.004000,  0.011000,  0.090000,  0.050000,  0.030000,  0.030000,  0.200000,  0.200000, -0.480775, -0.027484, -0.260649,  0.005051, -0.235283,  0.006880, -0.012767,  0.006243,  0.019730,  0.007533,  0.241496,  0.025796,  0.261834,  0.024316,  0.478623, -0.025846,198006272.000000,  0.370656
  0.008000,  0.013000,  0.360000,  0.330000,  0.030000,  0.030000,  0.200000,  0.200000, -0.485022, -0.030011, -0.262505, -0.030173, -0.230233, -0.028949, -0.008368, -0.011931,  0.023610, -0.008292,  0.243626,  0.024974,  0.261830,  0.024272,  0.478628, -0.025850,694567552.000000,  0.235305
  0.005000,  0.015000,  0.130000,  0.120000,  0.030000,  0.030000,  0.200000,  0.200000, -0.481364, -0.027887, -0.260596, -0.000040, -0.234336,  0.001668, -0.011822,  0.002649,  0.020994,  0.004380,  0.242377,  0.026816,  0.261961,  0.025526,  0.478492, -0.025737,98209232.000000,  0.347614
  0.013000,  0.022000,  0.520000,  0.340000,  0.030000,  0.030000,  0.200000,  0.200000, -0.485702, -0.030341, -0.263245, -0.035516, -0.234754, -0.036877, -0.012817, -0.052924,  0.025882, -0.049766,  0.242281,  0.002054,  0.260614,  0.002944,  0.481017, -0.027652,108569528.000000,  0.083131
  0.012000,  0.017000,  0.050000,  0.040000,  0.030000,  0.030000,  0.200000,  0.200000, -0.479999, -0.026925, -0.260891,  0.011871, -0.236383,  0.014011, -0.013867,  0.013771,  0.017437,  0.014425,  0.239749,  0.023957,  0.261613,  0.022039,  0.478871, -0.026049,54251820.000000,  0.413447
  0.012000,  0.027000,  0.620000,  0.430000,  0.030000,  0.030000,  0.200000,  0.200000, -0.485576, -0.030281, -0.263100, -0.034532, -0.234518, -0.035738, -0.012475, -0.050251,  0.025953, -0.047034,  0.242494,  0.004190,  0.260648,  0.004970,  0.480784, -0.027491,80993032.000000,  0.092099
  0.001000,  0.011000,  0.290000,  0.260000,  0.030000,  0.030000,  0.200000,  0.200000, -0.485114, -0.030057, -0.262599, -0.030901, -0.231594, -0.030496, -0.009177, -0.023839,  0.025183, -0.020131,  0.243900,  0.020820,  0.261483,  0.020585,  0.479030, -0.026178,325089664.000000,  0.189304
  0.006000,  0.025000,  0.480000,  0.260000,  0.030000,  0.030000,  0.200000,  0.200000, -0.484678, -0.029837, -0.262174, -0.027439, -0.235261, -0.028509, -0.013649, -0.048550,  0.025318, -0.045912,  0.242206,  0.003818,  0.260640,  0.004562,  0.480831, -0.027524,109698672.000000,  0.100799
  0.005000,  0.027000,  0.600000,  0.330000,  0.030000,  0.030000,  0.200000,  0.200000, -0.485304, -0.030150, -0.262798, -0.032398, -0.235322, -0.033805, -0.013751, -0.054294,  0.025486, -0.051515,  0.241957,  0.000001,  0.260598,  0.000971,  0.481246, -0.027808,76880272.000000,  0.080013
  0.004000,  0.012000,  0.220000,  0.170000,  0.030000,  0.030000,  0.200000,  0.200000, -0.483395, -0.029142, -0.261206, -0.017074, -0.232924, -0.016339, -0.010407, -0.016848,  0.024467, -0.013951,  0.243850,  0.023257,  0.261683,  0.022785,  0.478790, -0.025983,258212192.000000,  0.235978
  0.014000,  0.021000,  0.290000,  0.260000,  0.030000,  0.030000,  0.200000,  0.200000, -0.482982, -0.028903, -0.260987, -0.013672, -0.233420, -0.012886, -0.010918, -0.015433,  0.024085, -0.012782,  0.243665,  0.023250,  0.261677,  0.022727,  0.478796, -0.025988,40677072.000000,  0.245995
  0.007000,  0.026000,  0.780000,  0.500000,  0.030000,  0.030000,  0.200000,  0.200000, -0.487477, -0.031115, -0.265690, -0.049120, -0.236199, -0.051710, -0.014668, -0.072633,  0.024916, -0.069641,  0.240787, -0.015664,  0.260998, -0.013867,  0.483005, -0.028917,155856464.000000,  0.030962
  0.007000,  0.016000,  0.820000,  0.670000,  0.030000,  0.030000,  0.200000,  0.200000, -0.491531, -0.032454, -0.273828, -0.078489, -0.237553, -0.082041, -0.015055, -0.079112,  0.019964, -0.075529,  0.238445, -0.033341,  0.262609, -0.030979,  0.485124, -0.030062,1080634112.000000,  0.023979
  0.004000,  0.011000,  0.420000,  0.380000,  0.030000,  0.030000,  0.200000,  0.200000, -0.486480, -0.030695, -0.264228, -0.041541, -0.229013, -0.040105, -0.008382, -0.011194,  0.021298, -0.007341,  0.241996,  0.021045,  0.261454,  0.020243,  0.479068, -0.026208,920686528.000000,  0.211891
  0.006000,  0.018000,  0.330000,  0.210000,  0.030000,  0.030000,  0.200000,  0.200000, -0.484012, -0.029485, -0.261618, -0.022094, -0.234112, -0.022312, -0.011863, -0.033225,  0.025342, -0.030348,  0.243270,  0.014609,  0.261051,  0.014752,  0.479676, -0.026682,132394624.000000,  0.161856
  0.006000,  0.022000,  0.580000,  0.440000,  0.030000,  0.030000,  0.200000,  0.200000, -0.486454, -0.030684, -0.264192, -0.041337, -0.234449, -0.042871, -0.012270, -0.055133,  0.026021, -0.051614,  0.242243,  0.000940,  0.260604,  0.001903,  0.481138, -0.027735,96883536.000000,  0.074181
  0.009000,  0.017000,  0.070000,  0.040000,  0.030000,  0.030000,  0.200000,  0.200000, -0.480288, -0.027138, -0.260777,  0.009311, -0.236237,  0.011194, -0.013735,  0.008654,  0.018551,  0.009535,  0.240584,  0.024202,  0.261663,  0.022575,  0.478813, -0.026002,61590976.000000,  0.386296
  0.012000,  0.018000,  0.530000,  0.300000,  0.030000,  0.030000,  0.200000,  0.200000, -0.486681, -0.030783, -0.264504, -0.043080, -0.235297, -0.045050, -0.013483, -0.062711,  0.025642, -0.059495,  0.241594, -0.005846,  0.260639, -0.004541,  0.481891, -0.028232,462975712.000000,  0.053414
  0.003000,  0.012000,  0.060000,  0.030000,  0.030000,  0.030000,  0.200000,  0.200000, -0.480242, -0.027104, -0.260794,  0.009721, -0.236139,  0.011704, -0.013626,  0.010418,  0.018302,  0.011274,  0.240426,  0.024487,  0.261681,  0.022768,  0.478792, -0.025985,116671144.000000,  0.395438
  0.009000,  0.013000,  0.620000,  0.320000,  0.030000,  0.030000,  0.200000,  0.200000, -0.488080, -0.031351, -0.266682, -0.053636, -0.233539, -0.055181, -0.011028, -0.053592,  0.025154, -0.049316,  0.241905,  0.001008,  0.260604,  0.001893,  0.481139, -0.027736,1666497408.000000,  0.071440
  0.005000,  0.025000,  0.810000,  0.710000,  0.030000,  0.030000,  0.200000,  0.200000, -0.488200, -0.031397, -0.266889, -0.054531, -0.234831, -0.056723, -0.012431, -0.063929,  0.025242, -0.059998,  0.241364, -0.007033,  0.260664, -0.005695,  0.482027, -0.028319,141025360.000000,  0.047522
  0.008000,  0.018000,  0.400000,  0.310000,  0.030000,  0.030000,  0.200000,  0.200000, -0.485073, -0.030037, -0.262557, -0.030580, -0.233428, -0.031071, -0.011019, -0.038015,  0.025970, -0.034603,  0.243354,  0.012912,  0.260961,  0.013214,  0.479848, -0.026812,173748016.000000,  0.136629
  0.007000,  0.014000,  0.170000,  0.140000,  0.030000,  0.030000,  0.200000,  0.200000, -0.482150, -0.028397, -0.260691, -0.006726, -0.233756, -0.005444, -0.011240, -0.005982,  0.022681, -0.003762,  0.243230,  0.025769,  0.261891,  0.024867,  0.478563, -0.025797,162173728.000000,  0.298182
  0.003000,  0.021000,  0.490000,  0.410000,  0.030000,  0.030000,  0.200000,  0.200000, -0.485684, -0.030332, -0.263225, -0.035378, -0.233488, -0.036177, -0.011079, -0.043096,  0.026127, -0.039503,  0.243101,  0.009851,  0.260819,  0.010337,  0.480172, -0.027053,77015376.000000,  0.115126
  0.004000,  0.023000,  0.430000,  0.310000,  0.030000,  0.030000,  0.200000,  0.200000, -0.484331, -0.029656, -0.261871, -0.024670, -0.234026, -0.025036, -0.011773, -0.035873,  0.025576, -0.032868,  0.243237,  0.013365,  0.260983,  0.013603,  0.479805, -0.026780,42674492.000000,  0.149292
  0.008000,  0.020000,  0.010000,  0.010000,  0.030000,  0.030000,  0.200000,  0.200000, -0.479457, -0.026514, -0.261181,  0.016721, -0.237282,  0.019071, -0.014765,  0.019170,  0.015462,  0.019298,  0.237971,  0.021087,  0.261335,  0.018788,  0.479228, -0.026335,5894476.500000,  0.440745
  0.003000,  0.022000,  0.590000,  0.480000,  0.030000,  0.030000,  0.200000,  0.200000, -0.486719, -0.030799, -0.264557, -0.043368, -0.234360, -0.044956, -0.012105, -0.055752,  0.026005, -0.052114,  0.242204,  0.000535,  0.260601,  0.001519,  0.481182, -0.027765,83758208.000000,  0.071466
  0.015000,  0.024000,  0.250000,  0.230000,  0.030000,  0.030000,  0.200000,  0.200000, -0.482037, -0.028326, -0.260666, -0.005779, -0.233949, -0.004496, -0.011435, -0.005725,  0.022533, -0.003584,  0.243130,  0.025583,  0.261871,  0.024670,  0.478585, -0.025814,49081996.000000,  0.300521
  0.013000,  0.029000,  0.170000,  0.090000,  0.030000,  0.030000,  0.200000,  0.200000, -0.480842, -0.027532, -0.260638,  0.004462, -0.235878,  0.005933, -0.013434,  0.000248,  0.020255,  0.001508,  0.241654,  0.023783,  0.261664,  0.022583,  0.478812, -0.026001,21065022.000000,  0.339845
  0.003000,  0.021000,  0.440000,  0.250000,  0.030000,  0.030000,  0.200000,  0.200000, -0.484878, -0.029939, -0.262363, -0.029031, -0.234934, -0.030075, -0.013131, -0.047882,  0.025576, -0.045044,  0.242408,  0.004929,  0.260662,  0.005635,  0.480708, -0.027437,69973976.000000,  0.102426
  0.005000,  0.015000,  0.520000,  0.500000,  0.030000,  0.030000,  0.200000,  0.200000, -0.487687, -0.031199, -0.266027, -0.050703, -0.232106, -0.051420, -0.009820, -0.041297,  0.024660, -0.036911,  0.242402,  0.008940,  0.260778,  0.009334,  0.480286, -0.027136,506233664.000000,  0.106232
  0.013000,  0.023000,  0.080000,  0.080000,  0.030000,  0.030000,  0.200000,  0.200000, -0.480207, -0.027078, -0.260806,  0.010032, -0.235977,  0.012135, -0.013460,  0.012454,  0.018032,  0.013293,  0.240250,  0.024833,  0.261704,  0.023005,  0.478766, -0.025964,24484708.000000,  0.405613
  0.010000,  0.030000,  0.530000,  0.330000,  0.030000,  0.030000,  0.200000,  0.200000, -0.484071, -0.029517, -0.261663, -0.022572, -0.234519, -0.023001, -0.012441, -0.036967,  0.025314, -0.034200,  0.242983,  0.011996,  0.260912,  0.012285,  0.479953, -0.026891,57680084.000000,  0.146409
  0.011000,  0.024000,  0.090000,  0.060000,  0.030000,  0.030000,  0.200000,  0.200000, -0.480277, -0.027130, -0.260781,  0.009411, -0.236230,  0.011309, -0.013725,  0.008953,  0.018503,  0.009827,  0.240552,  0.024237,  0.261665,  0.022594,  0.478811, -0.026000,23594428.000000,  0.387771
  0.020000,  0.027000,  0.030000,  0.020000,  0.030000,  0.030000,  0.200000,  0.200000, -0.479614, -0.026635, -0.261086,  0.015310, -0.237103,  0.017553, -0.014587,  0.016866,  0.016155,  0.017153,  0.238619,  0.021998,  0.261421,  0.019861,  0.479110, -0.026241,10217306.000000,  0.429966
  0.009000,  0.020000,  0.490000,  0.310000,  0.030000,  0.030000,  0.200000,  0.200000, -0.485831, -0.030401, -0.263398, -0.036520, -0.234842, -0.037973, -0.012937, -0.054456,  0.025860, -0.051297,  0.242174,  0.000874,  0.260603,  0.001827,  0.481147, -0.027741,147802496.000000,  0.078081
  0.010000,  0.020000,  0.450000,  0.360000,  0.030000,  0.030000,  0.200000,  0.200000, -0.485341, -0.030168, -0.262838, -0.032689, -0.233591, -0.033383, -0.011219, -0.041407,  0.026062, -0.037952,  0.243172,  0.010803,  0.260860,  0.011231,  0.480071, -0.026979,102429616.000000,  0.122798
  0.013000,  0.025000,  0.660000,  0.380000,  0.030000,  0.030000,  0.200000,  0.200000, -0.486491, -0.030700, -0.264242, -0.041624, -0.235859, -0.043744, -0.014454, -0.065965,  0.025250, -0.063118,  0.241218, -0.009529,  0.260732, -0.008051,  0.482307, -0.028495,140225024.000000,  0.045611
  0.002000,  0.015000,  0.710000,  0.440000,  0.030000,  0.030000,  0.200000,  0.200000, -0.489972, -0.032007, -0.270299, -0.067465, -0.236925, -0.070816, -0.014587, -0.079739,  0.023002, -0.076193,  0.239750, -0.025853,  0.261765, -0.023629,  0.484202, -0.029588,938815616.000000,  0.022265
  0.005000,  0.013000,  0.700000,  0.520000,  0.030000,  0.030000,  0.200000,  0.200000, -0.490594, -0.032195, -0.271649, -0.071901, -0.234895, -0.074181, -0.012721, -0.061840,  0.021202, -0.057516,  0.239368, -0.013730,  0.260917, -0.012390,  0.482827, -0.028811,1332800256.000000,  0.042694
  0.010000,  0.018000,  0.460000,  0.390000,  0.030000,  0.030000,  0.200000,  0.200000, -0.485963, -0.030462, -0.263559, -0.037546, -0.233137, -0.038296, -0.010654, -0.042176,  0.026101, -0.038406,  0.243163,  0.010563,  0.260849,  0.011007,  0.480097, -0.026997,230889712.000000,  0.116562
  0.008000,  0.015000,  0.770000,  0.690000,  0.030000,  0.030000,  0.200000,  0.200000, -0.491431, -0.032428, -0.273588, -0.077795, -0.236169, -0.080618, -0.013985, -0.068447,  0.019577, -0.064428,  0.238353, -0.023802,  0.261614, -0.022052,  0.484007, -0.029482,1095447552.000000,  0.031285
  0.008000,  0.028000,  0.170000,  0.120000,  0.030000,  0.030000,  0.200000,  0.200000, -0.480890, -0.027565, -0.260630,  0.004048, -0.235529,  0.005638, -0.013041,  0.002061,  0.020252,  0.003396,  0.241740,  0.024774,  0.261752,  0.023494,  0.478712, -0.025920,19381072.000000,  0.348829
  0.012000,  0.022000,  0.480000,  0.400000,  0.030000,  0.030000,  0.200000,  0.200000, -0.485240, -0.030119, -0.262731, -0.031897, -0.233476, -0.032491, -0.011077, -0.039732,  0.026030, -0.036278,  0.243271,  0.011888,  0.260910,  0.012253,  0.479956, -0.026893,63443832.000000,  0.129506
  0.015000,  0.024000,  0.570000,  0.410000,  0.030000,  0.030000,  0.200000,  0.200000, -0.485795, -0.030385, -0.263356, -0.036244, -0.234424, -0.037506, -0.012319, -0.051043,  0.026018, -0.047722,  0.242486,  0.003809,  0.260641,  0.004616,  0.480825, -0.027519,87948352.000000,  0.088747
  0.010000,  0.014000,  0.430000,  0.220000,  0.030000,  0.030000,  0.200000,  0.200000, -0.485363, -0.030179, -0.262862, -0.032860, -0.232962, -0.033269, -0.010471, -0.036667,  0.025988, -0.033052,  0.243477,  0.013983,  0.261019,  0.014227,  0.479735, -0.026727,966242560.000000,  0.139469
  0.014000,  0.026000,  0.910000,  0.790000,  0.030000,  0.030000,  0.200000,  0.200000, -0.489184, -0.031749, -0.268701, -0.061765, -0.236082, -0.064674, -0.013766, -0.074144,  0.024141, -0.070433,  0.240397, -0.018023,  0.261142, -0.016155,  0.483283, -0.029078,165235616.000000,  0.028339
  0.007000,  0.012000,  0.090000,  0.080000,  0.030000,  0.030000,  0.200000,  0.200000, -0.480811, -0.027510, -0.260643,  0.004732, -0.234750,  0.006791, -0.012253,  0.009752,  0.019446,  0.011094,  0.241397,  0.026951,  0.261937,  0.025302,  0.478516, -0.025758,166751456.000000,  0.387760
  0.012000,  0.019000,  0.120000,  0.070000,  0.030000,  0.030000,  0.200000,  0.200000, -0.480876, -0.027555, -0.260632,  0.004167, -0.235668,  0.005704, -0.013197,  0.001232,  0.020274,  0.002540,  0.241717,  0.024369,  0.261716,  0.023126,  0.478753, -0.025953,69297896.000000,  0.344559
  0.008000,  0.024000,  0.230000,  0.200000,  0.030000,  0.030000,  0.200000,  0.200000, -0.481806, -0.028177, -0.260627, -0.003814, -0.234296, -0.002498, -0.011790, -0.004678,  0.022167, -0.002696,  0.242907,  0.025364,  0.261843,  0.024404,  0.478614, -0.025838,36047392.000000,  0.307690
  0.002000,  0.016000,  0.020000,  0.020000,  0.030000,  0.030000,  0.200000,  0.200000, -0.479612, -0.026633, -0.261087,  0.015327, -0.236954,  0.017647, -0.014437,  0.018092,  0.016011,  0.018381,  0.238495,  0.022164,  0.261429,  0.019955,  0.479100, -0.026233,18158342.000000,  0.435559
  0.004000,  0.022000,  0.980000,  0.570000,  0.030000,  0.030000,  0.200000,  0.200000, -0.490376, -0.032131, -0.271165, -0.070349, -0.239330, -0.074728, -0.017942, -0.097112,  0.019930, -0.095751,  0.239140, -0.057530,  0.266705, -0.053738,  0.488094, -0.031357,871776768.000000,  0.023693
  0.003000,  0.028000,  0.050000,  0.040000,  0.030000,  0.030000,  0.200000,  0.200000, -0.479783, -0.026763, -0.260994,  0.013798, -0.236803,  0.015985, -0.014287,  0.015325,  0.016756,  0.015777,  0.239158,  0.022910,  0.261509,  0.020883,  0.478998, -0.026152,7185869.000000,  0.421771
  0.008000,  0.017000,  0.390000,  0.210000,  0.030000,  0.030000,  0.200000,  0.200000, -0.485291, -0.030144, -0.262784, -0.032294, -0.234799, -0.033485, -0.012915, -0.050257,  0.025774, -0.047241,  0.242380,  0.003706,  0.260638,  0.004497,  0.480838, -0.027529,192973696.000000,  0.093027
  0.005000,  0.020000,  0.730000,  0.420000,  0.030000,  0.030000,  0.200000,  0.200000, -0.488682, -0.031574, -0.267750, -0.058089, -0.237520, -0.061501, -0.016237, -0.084897,  0.023373, -0.082353,  0.239843, -0.030833,  0.262273, -0.028283,  0.484784, -0.029891,458147104.000000,  0.015742
  0.004000,  0.018000,  0.220000,  0.180000,  0.030000,  0.030000,  0.200000,  0.200000, -0.482399, -0.028552, -0.260759, -0.008825, -0.233900, -0.007821, -0.011405, -0.010945,  0.023269, -0.008622,  0.243359,  0.024148,  0.261747,  0.023449,  0.478717, -0.025924,76427768.000000,  0.272196
  0.007000,  0.015000,  0.640000,  0.570000,  0.030000,  0.030000,  0.200000,  0.200000, -0.489423, -0.031830, -0.269172, -0.063502, -0.233961, -0.065370, -0.011595, -0.057189,  0.023360, -0.052756,  0.240730, -0.005174,  0.260631, -0.004108,  0.481840, -0.028200,812015552.000000,  0.056501
  0.018000,  0.029000,  0.820000,  0.670000,  0.030000,  0.030000,  0.200000,  0.200000, -0.487231, -0.031015, -0.265308, -0.047266, -0.234699, -0.049164, -0.012469, -0.060456,  0.025789, -0.056785,  0.241816, -0.003440,  0.260607, -0.002256,  0.481622, -0.028058,136797184.000000,  0.057719
  0.013000,  0.018000,  0.330000,  0.230000,  0.030000,  0.030000,  0.200000,  0.200000, -0.483876, -0.029411, -0.261519, -0.020999, -0.233588, -0.020898, -0.011175, -0.027702,  0.025218, -0.024734,  0.243591,  0.018007,  0.261269,  0.017941,  0.479322, -0.026408,236978240.000000,  0.185301
  0.001000,  0.012000,  0.450000,  0.300000,  0.030000,  0.030000,  0.200000,  0.200000, -0.486264, -0.030599, -0.263941, -0.039878, -0.231202, -0.039731, -0.008971, -0.028458,  0.024882, -0.024366,  0.243400,  0.017633,  0.261240,  0.017551,  0.479365, -0.026442,887648384.000000,  0.159926
  0.009000,  0.014000,  0.750000,  0.410000,  0.030000,  0.030000,  0.200000,  0.200000, -0.489886, -0.031980, -0.270119, -0.066848, -0.236206, -0.069863, -0.013733, -0.074312,  0.023276, -0.070434,  0.239995, -0.019969,  0.261278, -0.018062,  0.483516, -0.029211,1831688320.000000,  0.027916
  0.011000,  0.029000,  0.950000,  0.930000,  0.030000,  0.030000,  0.200000,  0.200000, -0.488530, -0.031519, -0.267473, -0.056971, -0.234368, -0.058996, -0.011858, -0.060682,  0.024914, -0.056503,  0.241372, -0.004932,  0.260625, -0.003738,  0.481797, -0.028171,175646080.000000,  0.053413
  0.017000,  0.026000,  0.110000,  0.100000,  0.030000,  0.030000,  0.200000,  0.200000, -0.480411, -0.027226, -0.260738,  0.008235, -0.235787,  0.010204, -0.013271,  0.009638,  0.018729,  0.010642,  0.240773,  0.025148,  0.261750,  0.023480,  0.478714, -0.025921,24130022.000000,  0.390167
  0.004000,  0.017000,  0.400000,  0.270000,  0.030000,  0.030000,  0.200000,  0.200000, -0.485208, -0.030103, -0.262697, -0.031646, -0.233860, -0.032397, -0.011570, -0.042449,  0.026011, -0.039115,  0.243060,  0.009910,  0.260821,  0.010382,  0.480167, -0.027049,230625440.000000,  0.120086
  0.005000,  0.013000,  0.850000,  0.760000,  0.030000,  0.030000,  0.200000,  0.200000, -0.492425, -0.032674, -0.276067, -0.084666, -0.236868, -0.087551, -0.015230, -0.067792,  0.015730, -0.064434,  0.236450, -0.036215,  0.263063, -0.034280,  0.485544, -0.030266,1856697344.000000,  0.026114
  0.008000,  0.019000,  0.790000,  0.730000,  0.030000,  0.030000,  0.200000,  0.200000, -0.490576, -0.032190, -0.271608, -0.071773, -0.236641, -0.074985, -0.014126, -0.075949,  0.022101, -0.072090,  0.239417, -0.024262,  0.261629, -0.022214,  0.484027, -0.029493,335578880.000000,  0.026006
  0.007000,  0.010000,  0.300000,  0.260000,  0.030000,  0.030000,  0.200000,  0.200000, -0.483907, -0.029428, -0.261541, -0.021245, -0.229007, -0.018594, -0.008250,  0.009337,  0.020065,  0.012186,  0.241960,  0.028807,  0.262140,  0.027144,  0.478318, -0.025591,938412224.000000,  0.332928
  0.002000,  0.011000,  0.420000,  0.280000,  0.030000,  0.030000,  0.200000,  0.200000, -0.485774, -0.030375, -0.263330, -0.036078, -0.230133, -0.035127, -0.008381, -0.016696,  0.023643, -0.012804,  0.243354,  0.022419,  0.261599,  0.021888,  0.478888, -0.026063,1003555072.000000,  0.206573
  0.004000,  0.016000,  0.050000,  0.040000,  0.030000,  0.030000,  0.200000,  0.200000, -0.480038, -0.026954, -0.260874,  0.011523, -0.236324,  0.013646, -0.013808,  0.013370,  0.017568,  0.014058,  0.239858,  0.024099,  0.261628,  0.022207,  0.478853, -0.026035,43745608.000000,  0.411191
  0.013000,  0.022000,  0.270000,  0.220000,  0.030000,  0.030000,  0.200000,  0.200000, -0.482515, -0.028623, -0.260797, -0.009795, -0.233932, -0.008899, -0.011451, -0.012909,  0.023496, -0.010539,  0.243398,  0.023469,  0.261689,  0.022848,  0.478783, -0.025977,64811248.000000,  0.262045
  0.003000,  0.016000,  0.010000,  0.010000,  0.030000,  0.030000,  0.200000,  0.200000, -0.479474, -0.026527, -0.261170,  0.016567, -0.237232,  0.018920, -0.014715,  0.019159,  0.015511,  0.019306,  0.238019,  0.021224,  0.261346,  0.018929,  0.479213, -0.026323,9978179.000000,  0.440552
  0.002000,  0.012000,  0.500000,  0.300000,  0.030000,  0.030000,  0.200000,  0.200000, -0.486947, -0.030897, -0.264885, -0.045111, -0.231899, -0.045554, -0.009534, -0.037316,  0.025170, -0.033074,  0.242972,  0.012488,  0.260935,  0.012733,  0.479902, -0.026853,1066033728.000000,  0.124419
  0.005000,  0.016000,  0.690000,  0.690000,  0.030000,  0.030000,  0.200000,  0.200000, -0.490078, -0.032040, -0.270522, -0.068222, -0.234334, -0.070257, -0.012107, -0.058917,  0.022145, -0.054504,  0.239990, -0.009143,  0.260729, -0.007971,  0.482298, -0.028489,603225024.000000,  0.049907
  0.001000,  0.012000,  0.510000,  0.300000,  0.030000,  0.030000,  0.200000,  0.200000, -0.487043, -0.030937, -0.265026, -0.045844, -0.232039, -0.046388, -0.009651, -0.038822,  0.025214, -0.034568,  0.242896,  0.011566,  0.260890,  0.011868,  0.480000, -0.026925,1058611328.000000,  0.119170
  0.010000,  0.026000,  0.760000,  0.420000,  0.030000,  0.030000,  0.200000,  0.200000, -0.487246, -0.031021, -0.265331, -0.047378, -0.236695, -0.050080, -0.015638, -0.075525,  0.024457, -0.072959,  0.240467, -0.019544,  0.261241, -0.017563,  0.483455, -0.029176,181221472.000000,  0.025742
  0.008000,  0.013000,  0.680000,  0.390000,  0.030000,  0.030000,  0.200000,  0.200000, -0.489259, -0.031775, -0.268848, -0.062314, -0.234466, -0.064450, -0.011970, -0.061420,  0.023947, -0.057107,  0.240833, -0.007363,  0.260674, -0.006118,  0.482078, -0.028351,1738790528.000000,  0.049256
  0.011000,  0.022000,  0.830000,  0.720000,  0.030000,  0.030000,  0.200000,  0.200000, -0.489825, -0.031960, -0.269991, -0.066408, -0.236679, -0.069641, -0.014324, -0.078104,  0.023264, -0.074476,  0.239895, -0.023634,  0.261565, -0.021516,  0.483940, -0.029446,181637648.000000,  0.023739
  0.011000,  0.020000,  0.210000,  0.200000,  0.030000,  0.030000,  0.200000,  0.200000, -0.482011, -0.028309, -0.260661, -0.005555, -0.233814, -0.004182, -0.011297, -0.004234,  0.022394, -0.002093,  0.243113,  0.026136,  0.261922,  0.025160,  0.478532, -0.025770,66507244.000000,  0.307744
  0.019000,  0.026000,  0.380000,  0.220000,  0.030000,  0.030000,  0.200000,  0.200000, -0.483248, -0.029058, -0.261122, -0.015866, -0.234717, -0.015860, -0.012585, -0.028943,  0.024569, -0.026488,  0.243049,  0.015705,  0.261111,  0.015700,  0.479570, -0.026601,32184222.000000,  0.184105
  0.014000,  0.028000,  0.780000,  0.470000,  0.030000,  0.030000,  0.200000,  0.200000, -0.487067, -0.030947, -0.265061, -0.046020, -0.236310, -0.048519, -0.015034, -0.071983,  0.024852, -0.069217,  0.240772, -0.015437,  0.260986, -0.013659,  0.482980, -0.028902,121130936.000000,  0.032238
  0.011000,  0.026000,  0.250000,  0.180000,  0.030000,  0.030000,  0.200000,  0.200000, -0.481829, -0.028193, -0.260630, -0.004017, -0.234705, -0.002918, -0.012253, -0.008278,  0.022386, -0.006343,  0.242857,  0.023760,  0.261699,  0.022950,  0.478772, -0.025968,34746956.000000,  0.289981
  0.015000,  0.028000,  0.380000,  0.280000,  0.030000,  0.030000,  0.200000,  0.200000, -0.482959, -0.028890, -0.260976, -0.013486, -0.234130, -0.013018, -0.011745, -0.020674,  0.024240, -0.018162,  0.243405,  0.020313,  0.261432,  0.019994,  0.479095, -0.026230,29835840.000000,  0.222611
  0.009000,  0.017000,  0.340000,  0.260000,  0.030000,  0.030000,  0.200000,  0.200000, -0.484370, -0.029677, -0.261903, -0.024978, -0.233126, -0.024954, -0.010651, -0.029281,  0.025541, -0.026039,  0.243705,  0.017755,  0.261254,  0.017740,  0.479344, -0.026426,202558032.000000,  0.175117
  0.008000,  0.013000,  0.130000,  0.070000,  0.030000,  0.030000,  0.200000,  0.200000, -0.481429, -0.027930, -0.260597, -0.000597, -0.234972,  0.000737, -0.012496, -0.003521,  0.021530, -0.001821,  0.242473,  0.024589,  0.261759,  0.023573,  0.478704, -0.025913,205288624.000000,  0.316719
  0.009000,  0.019000,  0.870000,  0.700000,  0.030000,  0.030000,  0.200000,  0.200000, -0.491162, -0.032356, -0.272949, -0.075908, -0.238264, -0.079856, -0.015845, -0.086454,  0.020668, -0.083359,  0.238802, -0.039412,  0.263412, -0.036611,  0.485842, -0.030407,703793088.000000,  0.021454
  0.011000,  0.018000,  0.560000,  0.520000,  0.030000,  0.030000,  0.200000,  0.200000, -0.487447, -0.031103, -0.265643, -0.048898, -0.233201, -0.050148, -0.010685, -0.049471,  0.025589, -0.045282,  0.242400,  0.004781,  0.260659,  0.005497,  0.480724, -0.027448,321219776.000000,  0.085544
  0.008000,  0.030000,  0.540000,  0.280000,  0.030000,  0.030000,  0.200000,  0.200000, -0.484149, -0.029559, -0.261723, -0.023199, -0.235075, -0.023903, -0.013294, -0.041991,  0.025159, -0.039411,  0.242535,  0.008144,  0.260752,  0.008632,  0.480366, -0.027194,60271412.000000,  0.126455
  0.001000,  0.011000,  0.400000,  0.240000,  0.030000,  0.030000,  0.200000,  0.200000, -0.485239, -0.030118, -0.262729, -0.031885, -0.230510, -0.030929, -0.008496, -0.015980,  0.024088, -0.012235,  0.243704,  0.023576,  0.261707,  0.023033,  0.478763, -0.025961,962434496.000000,  0.217064
  0.014000,  0.029000,  0.560000,  0.320000,  0.030000,  0.030000,  0.200000,  0.200000, -0.484544, -0.029768, -0.262053, -0.026374, -0.234891, -0.027224, -0.013048, -0.044528,  0.025454, -0.041765,  0.242553,  0.007040,  0.260717,  0.007618,  0.480481, -0.027277,66258068.000000,  0.115447
  0.016000,  0.029000,  0.280000,  0.200000,  0.030000,  0.030000,  0.200000,  0.200000, -0.481857, -0.028211, -0.260634, -0.004252, -0.234715, -0.003182, -0.012270, -0.008813,  0.022449, -0.006867,  0.242872,  0.023586,  0.261684,  0.022798,  0.478788, -0.025982,33767064.000000,  0.287021
  0.015000,  0.029000,  0.480000,  0.290000,  0.030000,  0.030000,  0.200000,  0.200000, -0.483779, -0.029358, -0.261450, -0.020204, -0.234590, -0.020486, -0.012503, -0.034313,  0.025080, -0.031657,  0.243014,  0.013267,  0.260975,  0.013459,  0.479821, -0.026792,48431180.000000,  0.158649
  0.014000,  0.022000,  0.300000,  0.150000,  0.030000,  0.030000,  0.200000,  0.200000, -0.482952, -0.028885, -0.260973, -0.013423, -0.235030, -0.013346, -0.012963, -0.027482,  0.024188, -0.025216,  0.242889,  0.015814,  0.261115,  0.015759,  0.479564, -0.026596,31579584.000000,  0.192293
  0.004000,  0.029000,  0.810000,  0.750000,  0.030000,  0.030000,  0.200000,  0.200000, -0.487083, -0.030954, -0.265085, -0.046143, -0.233639, -0.047514, -0.011162, -0.051701,  0.025917, -0.047718,  0.242430,  0.003625,  0.260637,  0.004433,  0.480846, -0.027534,130610000.000000,  0.081273
  0.007000,  0.028000,  0.040000,  0.040000,  0.030000,  0.030000,  0.200000,  0.200000, -0.479696, -0.026697, -0.261040,  0.014577, -0.236855,  0.016844, -0.014338,  0.016920,  0.016363,  0.017291,  0.238816,  0.022597,  0.261473,  0.020468,  0.479043, -0.026188,5974802.500000,  0.429686
  0.005000,  0.025000,  0.000000,  0.000000,  0.030000,  0.030000,  0.200000,  0.200000, -0.479339, -0.026422, -0.261258,  0.017785, -0.237517,  0.020167, -0.015000,  0.020167,  0.015000,  0.020167,  0.237517,  0.020167,  0.261258,  0.017785,  0.479339, -0.026422,  0.000000,  0.445322
  0.014000,  0.023000,  0.360000,  0.290000,  0.030000,  0.030000,  0.200000,  0.200000, -0.483536, -0.029222, -0.261291, -0.018224, -0.233670, -0.017943, -0.011247, -0.024411,  0.024885, -0.021585,  0.243598,  0.019383,  0.261367,  0.019199,  0.479183, -0.026299,27512866.000000,  0.201902
  0.011000,  0.015000,  0.670000,  0.580000,  0.030000,  0.030000,  0.200000,  0.200000, -0.489372, -0.031813, -0.269070, -0.063130, -0.233461, -0.064722, -0.011244, -0.053185,  0.023058, -0.048698,  0.240768, -0.002698,  0.260603, -0.001804,  0.481569, -0.028023,1113697920.000000,  0.064722
  0.016000,  0.021000,  0.310000,  0.280000,  0.030000,  0.030000,  0.200000,  0.200000, -0.483202, -0.029031, -0.261098, -0.015487, -0.233231, -0.014768, -0.010724, -0.016838,  0.024336, -0.014065,  0.243752,  0.022953,  0.261654,  0.022482,  0.478823, -0.026010,69547848.000000,  0.237874
  0.003000,  0.022000,  0.330000,  0.330000,  0.030000,  0.030000,  0.200000,  0.200000, -0.483312, -0.029095, -0.261158, -0.016394, -0.232906, -0.015592, -0.010389, -0.015675,  0.024341, -0.012812,  0.243842,  0.023701,  0.261721,  0.023184,  0.478746, -0.025948,39101552.000000,  0.241897
  0.011000,  0.017000,  0.590000,  0.380000,  0.030000,  0.030000,  0.200000,  0.200000, -0.488186, -0.031392, -0.266865, -0.054426, -0.235779, -0.057033, -0.013714, -0.071194,  0.024974, -0.067692,  0.240887, -0.013885,  0.260906, -0.012184,  0.482802, -0.028796,464618624.000000,  0.033381
  0.009000,  0.024000,  0.280000,  0.260000,  0.030000,  0.030000,  0.200000,  0.200000, -0.482370, -0.028534, -0.260750, -0.008578, -0.233670, -0.007438, -0.011157, -0.008691,  0.023105, -0.006352,  0.243384,  0.025129,  0.261837,  0.024340,  0.478621, -0.025844,42027112.000000,  0.282954
  0.012000,  0.020000,  0.460000,  0.360000,  0.030000,  0.030000,  0.200000,  0.200000, -0.485458, -0.030225, -0.262967, -0.033608, -0.233697, -0.034404, -0.011351, -0.043108,  0.026088, -0.039646,  0.243069,  0.009682,  0.260812,  0.010174,  0.480191, -0.027066,127848176.000000,  0.116443
  0.006000,  0.015000,  0.080000,  0.080000,  0.030000,  0.030000,  0.200000,  0.200000, -0.480549, -0.027325, -0.260699,  0.007026, -0.235279,  0.009099, -0.012769,  0.010819,  0.018879,  0.011950,  0.240944,  0.026118,  0.261843,  0.024400,  0.478614, -0.025839,73557704.000000,  0.395205
  0.010000,  0.027000,  0.040000,  0.020000,  0.030000,  0.030000,  0.200000,  0.200000, -0.479707, -0.026706, -0.261034,  0.014473, -0.237043,  0.016632, -0.014531,  0.015162,  0.016578,  0.015536,  0.238991,  0.022353,  0.261460,  0.020325,  0.479059, -0.026201,8885177.000000,  0.421230
  0.007000,  0.025000,  0.680000,  0.660000,  0.030000,  0.030000,  0.200000,  0.200000, -0.486783, -0.030827, -0.264649, -0.043862, -0.233108, -0.044887, -0.010596, -0.046302,  0.025933, -0.042276,  0.242797,  0.007560,  0.260735,  0.008154,  0.480420, -0.027233,93619728.000000,  0.098555
  0.007000,  0.020000,  0.390000,  0.360000,  0.030000,  0.030000,  0.200000,  0.200000, -0.484530, -0.029760, -0.262041, -0.026260, -0.232840, -0.026188, -0.010336, -0.028597,  0.025570, -0.025245,  0.243782,  0.018313,  0.261294,  0.018269,  0.479285, -0.026380,56629756.000000,  0.176517
  0.008000,  0.019000,  0.100000,  0.090000,  0.030000,  0.030000,  0.200000,  0.200000, -0.480625, -0.027379, -0.260681,  0.006361, -0.235445,  0.008268, -0.012929,  0.007955,  0.019302,  0.009131,  0.241203,  0.025671,  0.261812,  0.024100,  0.478647, -0.025866,45604548.000000,  0.380576
  0.003000,  0.011000,  0.410000,  0.290000,  0.030000,  0.030000,  0.200000,  0.200000, -0.485733, -0.030355, -0.263281, -0.035757, -0.229907, -0.034651, -0.008301, -0.014532,  0.023294, -0.010682,  0.243246,  0.023008,  0.261645,  0.022388,  0.478833, -0.026018,994877504.000000,  0.214640
  0.011000,  0.028000,  0.200000,  0.120000,  0.030000,  0.030000,  0.200000,  0.200000, -0.481176, -0.027761, -0.260601,  0.001572, -0.235479,  0.002905, -0.013039, -0.002935,  0.021054, -0.001440,  0.242130,  0.023842,  0.261684,  0.022793,  0.478789, -0.025982,24402608.000000,  0.321517
  0.007000,  0.012000,  0.420000,  0.300000,  0.030000,  0.030000,  0.200000,  0.200000, -0.485772, -0.030374, -0.263328, -0.036064, -0.230507, -0.035336, -0.008534, -0.019792,  0.024167, -0.015867,  0.243513,  0.021569,  0.261533,  0.021163,  0.478967, -0.026127,1050461888.000000,  0.195924
  0.003000,  0.029000,  0.630000,  0.470000,  0.030000,  0.030000,  0.200000,  0.200000, -0.485169, -0.030084, -0.262656, -0.031336, -0.234034, -0.032146, -0.011806, -0.043477,  0.025975, -0.040211,  0.242963,  0.009086,  0.260789,  0.009599,  0.480256, -0.027114,98214960.000000,  0.116641
  0.002000,  0.018000,  0.710000,  0.460000,  0.030000,  0.030000,  0.200000,  0.200000, -0.489349, -0.031805, -0.269026, -0.062968, -0.237417, -0.066467, -0.015611, -0.084245,  0.023231, -0.081289,  0.239792, -0.030151,  0.262199, -0.027653,  0.484704, -0.029850,450067072.000000,  0.017548
  0.011000,  0.019000,  0.040000,  0.020000,  0.030000,  0.030000,  0.200000,  0.200000, -0.479829, -0.026798, -0.260971,  0.013384, -0.236864,  0.015486, -0.014354,  0.013787,  0.017024,  0.014274,  0.239374,  0.022882,  0.261514,  0.020944,  0.478991, -0.026146,32172940.000000,  0.414214
  0.008000,  0.023000,  0.360000,  0.250000,  0.030000,  0.030000,  0.200000,  0.200000, -0.483517, -0.029211, -0.261279, -0.018072, -0.234179, -0.018009, -0.011892, -0.028123,  0.024900, -0.025427,  0.243336,  0.016990,  0.261197,  0.016948,  0.479432, -0.026494,26905840.000000,  0.186050
  0.017000,  0.023000,  0.950000,  0.800000,  0.030000,  0.030000,  0.200000,  0.200000, -0.490631, -0.032206, -0.271732, -0.072166, -0.237811, -0.075928, -0.015475, -0.084906,  0.021746, -0.081670,  0.239197, -0.034461,  0.262723, -0.031844,  0.485233, -0.030116,405572576.000000,  0.020192
  0.015000,  0.022000,  0.510000,  0.410000,  0.030000,  0.030000,  0.200000,  0.200000, -0.485597, -0.030291, -0.263124, -0.034697, -0.233720, -0.035565, -0.011374, -0.044287,  0.026114, -0.040787,  0.243005,  0.008936,  0.260784,  0.009470,  0.480270, -0.027125,96316648.000000,  0.111573
  0.004000,  0.019000,  0.350000,  0.320000,  0.030000,  0.030000,  0.200000,  0.200000, -0.484156, -0.029563, -0.261728, -0.023257, -0.232856, -0.022978, -0.010348, -0.024985,  0.025285, -0.021773,  0.243849,  0.019986,  0.261417,  0.019813,  0.479115, -0.026245,68644952.000000,  0.194182
  0.006000,  0.018000,  0.220000,  0.210000,  0.030000,  0.030000,  0.200000,  0.200000, -0.482418, -0.028563, -0.260764, -0.008976, -0.233420, -0.007751, -0.010904, -0.007429,  0.023065, -0.005040,  0.243436,  0.025787,  0.261899,  0.024946,  0.478555, -0.025790,77269256.000000,  0.288496
  0.017000,  0.026000,  0.370000,  0.330000,  0.030000,  0.030000,  0.200000,  0.200000, -0.483154, -0.029003, -0.261072, -0.015091, -0.233441, -0.014439, -0.010951, -0.017867,  0.024348, -0.015147,  0.243686,  0.022331,  0.261600,  0.021901,  0.478886, -0.026062,28266344.000000,  0.233668
  0.006000,  0.011000,  0.160000,  0.150000,  0.030000,  0.030000,  0.200000,  0.200000, -0.482264, -0.028468, -0.260720, -0.007692, -0.232666, -0.005944, -0.010256,  0.000937,  0.022108,  0.003276,  0.243196,  0.028453,  0.262153,  0.027254,  0.478306, -0.025580,280745568.000000,  0.329206
  0.007000,  0.018000,  0.140000,  0.070000,  0.030000,  0.030000,  0.200000,  0.200000, -0.481232, -0.027799, -0.260599,  0.001089, -0.235549,  0.002336, -0.013138, -0.004503,  0.021220, -0.002994,  0.242175,  0.023327,  0.261641,  0.022347,  0.478837, -0.026022,72592472.000000,  0.312978
  0.007000,  0.020000,  0.900000,  0.780000,  0.030000,  0.030000,  0.200000,  0.200000, -0.491293, -0.032391, -0.273259, -0.076828, -0.238146, -0.080709, -0.015669, -0.084960,  0.020472, -0.081744,  0.238702, -0.038276,  0.263252, -0.035563,  0.485708, -0.030344,497397504.000000,  0.021906
  0.016000,  0.023000,  0.840000,  0.620000,  0.030000,  0.030000,  0.200000,  0.200000, -0.489375, -0.031814, -0.269077, -0.063156, -0.237338, -0.066626, -0.015472, -0.083635,  0.023284, -0.080607,  0.239818, -0.029355,  0.262112, -0.026900,  0.484610, -0.029802,263706112.000000,  0.018080
  0.008000,  0.014000,  0.350000,  0.260000,  0.030000,  0.030000,  0.200000,  0.200000, -0.484653, -0.029824, -0.262151, -0.027241, -0.231945, -0.026785, -0.009467, -0.022646,  0.025192, -0.019134,  0.243978,  0.021447,  0.261535,  0.021177,  0.478965, -0.026126,601653184.000000,  0.198905
  0.004000,  0.025000,  0.730000,  0.630000,  0.030000,  0.030000,  0.200000,  0.200000, -0.487429, -0.031096, -0.265615, -0.048765, -0.234479, -0.050620, -0.012136, -0.059422,  0.025753, -0.055601,  0.241864, -0.002593,  0.260601, -0.001458,  0.481529, -0.027997,103792048.000000,  0.059700
  0.009000,  0.023000,  0.120000,  0.110000,  0.030000,  0.030000,  0.200000,  0.200000, -0.480652, -0.027398, -0.260674,  0.006122, -0.235436,  0.008004, -0.012920,  0.007476,  0.019396,  0.008672,  0.241264,  0.025647,  0.261812,  0.024102,  0.478646, -0.025866,27933944.000000,  0.377784
  0.006000,  0.018000,  0.370000,  0.230000,  0.030000,  0.030000,  0.200000,  0.200000, -0.484591, -0.029792, -0.262095, -0.026750, -0.234243, -0.027355, -0.012089, -0.040050,  0.025693, -0.037033,  0.243015,  0.010765,  0.260856,  0.011159,  0.480079, -0.026985,157536144.000000,  0.131948
  0.010000,  0.015000,  0.240000,  0.140000,  0.030000,  0.030000,  0.200000,  0.200000, -0.482692, -0.028730, -0.260861, -0.011265, -0.233631, -0.010362, -0.011131, -0.013090,  0.023693, -0.010597,  0.243535,  0.023802,  0.261722,  0.023189,  0.478746, -0.025947,417248864.000000,  0.259501
  0.003000,  0.012000,  0.550000,  0.480000,  0.030000,  0.030000,  0.200000,  0.200000, -0.488542, -0.031523, -0.267496, -0.057063, -0.231017, -0.057199, -0.009787, -0.033304,  0.021754, -0.028903,  0.241077,  0.008666,  0.260756,  0.008740,  0.480353, -0.027185,1017859264.000000,  0.117652
  0.005000,  0.012000,  0.100000,  0.070000,  0.030000,  0.030000,  0.200000,  0.200000, -0.480986, -0.027631, -0.260618,  0.003220, -0.234918,  0.005012, -0.012401,  0.005043,  0.020201,  0.006497,  0.241838,  0.026268,  0.261890,  0.024855,  0.478565, -0.025798,171482720.000000,  0.362993
  0.006000,  0.011000,  0.030000,  0.020000,  0.030000,  0.030000,  0.200000,  0.200000, -0.479760, -0.026746, -0.261006,  0.014005, -0.236635,  0.016304, -0.014120,  0.017184,  0.016492,  0.017620,  0.238942,  0.023076,  0.261514,  0.020941,  0.478991, -0.026146,87271336.000000,  0.430841
  0.020000,  0.029000,  0.870000,  0.680000,  0.030000,  0.030000,  0.200000,  0.200000, -0.487716, -0.031211, -0.266074, -0.050921, -0.235392, -0.053251, -0.013315, -0.067243,  0.025365, -0.063715,  0.241247, -0.009784,  0.260739, -0.008282,  0.482335, -0.028512,152591328.000000,  0.041426
  0.004000,  0.010000,  0.310000,  0.290000,  0.030000,  0.030000,  0.200000,  0.200000, -0.485875, -0.030422, -0.263452, -0.036866, -0.230802, -0.036351, -0.008693, -0.022893,  0.024528, -0.018920,  0.243547,  0.020378,  0.261441,  0.020091,  0.479085, -0.026221,481020736.000000,  0.183719
  0.012000,  0.029000,  0.030000,  0.030000,  0.030000,  0.030000,  0.200000,  0.200000, -0.479598, -0.026623, -0.261095,  0.015450, -0.237031,  0.017749, -0.014514,  0.017801,  0.016009,  0.018076,  0.238490,  0.022025,  0.261419,  0.019830,  0.479113, -0.026244,4777381.000000,  0.434072
  0.008000,  0.023000,  0.160000,  0.090000,  0.030000,  0.030000,  0.200000,  0.200000, -0.481098, -0.027708, -0.260607,  0.002245, -0.235589,  0.003601, -0.013152, -0.002350,  0.020881, -0.000913,  0.242024,  0.023775,  0.261675,  0.022699,  0.478799, -0.025991,35974824.000000,  0.324902
  0.007000,  0.012000,  0.070000,  0.060000,  0.030000,  0.030000,  0.200000,  0.200000, -0.480446, -0.027251, -0.260727,  0.007925, -0.235357,  0.010072, -0.012851,  0.012315,  0.018525,  0.013365,  0.240682,  0.025999,  0.261822,  0.024197,  0.478636, -0.025857,141103936.000000,  0.403299
  0.010000,  0.029000,  0.470000,  0.320000,  0.030000,  0.030000,  0.200000,  0.200000, -0.483669, -0.029297, -0.261377, -0.019315, -0.234225, -0.019371, -0.011975, -0.030270,  0.025044, -0.027536,  0.243280,  0.015898,  0.261127,  0.015936,  0.479544, -0.026581,45174876.000000,  0.175929
  0.012000,  0.022000,  0.690000,  0.460000,  0.030000,  0.030000,  0.200000,  0.200000, -0.488176, -0.031388, -0.266847, -0.054352, -0.236834, -0.057382, -0.015382, -0.079121,  0.024216, -0.076273,  0.240277, -0.023062,  0.261510, -0.020897,  0.483864, -0.029405,89389144.000000,  0.021018
  0.011000,  0.017000,  0.160000,  0.120000,  0.030000,  0.030000,  0.200000,  0.200000, -0.481616, -0.028054, -0.260606, -0.002199, -0.234597, -0.000858, -0.012100, -0.003840,  0.021844, -0.001992,  0.242703,  0.025117,  0.261814,  0.024119,  0.478645, -0.025864,108614432.000000,  0.313350
  0.004000,  0.027000,  0.570000,  0.370000,  0.030000,  0.030000,  0.200000,  0.200000, -0.484999, -0.030000, -0.262483, -0.029994, -0.234578, -0.030953, -0.012586, -0.046229,  0.025773, -0.043210,  0.242642,  0.006607,  0.260706,  0.007238,  0.480524, -0.027307,69367744.000000,  0.107678
  0.011000,  0.021000,  0.590000,  0.440000,  0.030000,  0.030000,  0.200000,  0.200000, -0.486902, -0.030878, -0.264819, -0.044770, -0.234741, -0.046584, -0.012599, -0.059489,  0.025865, -0.055943,  0.241904, -0.002641,  0.260601, -0.001494,  0.481533, -0.028000,164842288.000000,  0.061098
  0.014000,  0.025000,  0.260000,  0.190000,  0.030000,  0.030000,  0.200000,  0.200000, -0.482038, -0.028326, -0.260666, -0.005786, -0.234528, -0.004783, -0.012079, -0.010281,  0.022773, -0.008221,  0.243026,  0.023438,  0.261676,  0.022711,  0.478798, -0.025990,44693888.000000,  0.278420
  0.005000,  0.010000,  0.010000,  0.010000,  0.030000,  0.030000,  0.200000,  0.200000, -0.479484, -0.026535, -0.261164,  0.016475, -0.237113,  0.018875, -0.014599,  0.019855,  0.015451,  0.020013,  0.237964,  0.021364,  0.261353,  0.019028,  0.479202, -0.026314,30268830.000000,  0.443973
  0.002000,  0.010000,  0.830000,  0.630000,  0.030000,  0.030000,  0.200000,  0.200000, -0.492180, -0.032617, -0.275439, -0.082985, -0.235013, -0.084783, -0.014656, -0.053855,  0.013711, -0.050563,  0.235294, -0.030198,  0.262361, -0.029013,  0.484876, -0.029937,2362789120.000000,  0.033282
  0.004000,  0.013000,  0.320000,  0.160000,  0.030000,  0.030000,  0.200000,  0.200000, -0.484010, -0.029484, -0.261617, -0.022082, -0.232907, -0.021739, -0.010400, -0.023838,  0.025171, -0.020690,  0.243851,  0.020452,  0.261453,  0.020238,  0.479068, -0.026208,647627840.000000,  0.200353
  0.003000,  0.030000,  0.650000,  0.470000,  0.030000,  0.030000,  0.200000,  0.200000, -0.485154, -0.030077, -0.262640, -0.031217, -0.234173, -0.032080, -0.011999, -0.044418,  0.025944, -0.041203,  0.242876,  0.008336,  0.260761,  0.008888,  0.480337, -0.027173,104488728.000000,  0.113330
  0.005000,  0.016000,  1.000000,  0.530000,  0.030000,  0.030000,  0.200000,  0.200000, -0.491656, -0.032487, -0.274132, -0.079359, -0.239317, -0.083748, -0.016966, -0.092331,  0.018713, -0.090198,  0.238458, -0.055189,  0.266245, -0.051697,  0.487820, -0.031251,2239057664.000000,  0.026511
  0.011000,  0.021000,  0.180000,  0.170000,  0.030000,  0.030000,  0.200000,  0.200000, -0.481514, -0.027987, -0.260600, -0.001332, -0.234337,  0.000231, -0.011820, -0.000029,  0.021433,  0.001791,  0.242592,  0.026341,  0.261923,  0.025175,  0.478530, -0.025769,51752148.000000,  0.333033
  0.008000,  0.017000,  0.400000,  0.210000,  0.030000,  0.030000,  0.200000,  0.200000, -0.485138, -0.030068, -0.262623, -0.031087, -0.234682, -0.032157, -0.012741, -0.048157,  0.025780, -0.045138,  0.242519,  0.005240,  0.260670,  0.005947,  0.480672, -0.027412,311098272.000000,  0.100460
  0.004000,  0.012000,  0.750000,  0.590000,  0.030000,  0.030000,  0.200000,  0.200000, -0.491465, -0.032437, -0.273669, -0.078028, -0.234981, -0.080128, -0.013529, -0.058386,  0.018022, -0.054316,  0.237741, -0.019144,  0.261264, -0.017874,  0.483493, -0.029198,1654154368.000000,  0.040711
  0.007000,  0.025000,  0.540000,  0.530000,  0.030000,  0.030000,  0.200000,  0.200000, -0.485192, -0.030095, -0.262680, -0.031516, -0.232606, -0.031671, -0.010091, -0.032542,  0.025822, -0.028917,  0.243675,  0.016406,  0.261165,  0.016497,  0.479482, -0.026533,57968940.000000,  0.156003
  0.005000,  0.029000,  0.050000,  0.050000,  0.030000,  0.030000,  0.200000,  0.200000, -0.479770, -0.026754, -0.261001,  0.013912, -0.236726,  0.016153, -0.014209,  0.016229,  0.016627,  0.016672,  0.239054,  0.022994,  0.261511,  0.020914,  0.478994, -0.026149,6108812.000000,  0.426288
  0.005000,  0.014000,  0.150000,  0.120000,  0.030000,  0.030000,  0.200000,  0.200000, -0.481792, -0.028169, -0.260625, -0.003704, -0.234136, -0.002297, -0.011621, -0.003199,  0.022049, -0.001206,  0.242903,  0.025949,  0.261897,  0.024926,  0.478557, -0.025791,137424176.000000,  0.314831
  0.017000,  0.027000,  0.370000,  0.230000,  0.030000,  0.030000,  0.200000,  0.200000, -0.482999, -0.028913, -0.260995, -0.013816, -0.234580, -0.013579, -0.012341, -0.024680,  0.024306, -0.022265,  0.243168,  0.017900,  0.261254,  0.017735,  0.479344, -0.026426,28661722.000000,  0.204310
  0.005000,  0.020000,  0.790000,  0.420000,  0.030000,  0.030000,  0.200000,  0.200000, -0.489343, -0.031803, -0.269013, -0.062924, -0.238627, -0.066883, -0.017679, -0.093260,  0.021657, -0.091494,  0.239353, -0.045424,  0.264337, -0.042158,  0.486560, -0.030731,576227200.000000,  0.015311
  0.020000,  0.028000,  0.720000,  0.610000,  0.030000,  0.030000,  0.200000,  0.200000, -0.486495, -0.030702, -0.264247, -0.041652, -0.233994, -0.043000, -0.011654, -0.051852,  0.026099, -0.048156,  0.242503,  0.003642,  0.260638,  0.004465,  0.480842, -0.027531,108460128.000000,  0.083427
  0.004000,  0.024000,  0.300000,  0.160000,  0.030000,  0.030000,  0.200000,  0.200000, -0.482633, -0.028694, -0.260839, -0.010773, -0.234995, -0.010450, -0.012822, -0.022822,  0.023801, -0.020644,  0.242942,  0.017974,  0.261254,  0.017741,  0.479344, -0.026426,30132208.000000,  0.215232
  0.009000,  0.012000,  0.360000,  0.240000,  0.030000,  0.030000,  0.200000,  0.200000, -0.484274, -0.029626, -0.261823, -0.024208, -0.230451, -0.022702, -0.008504, -0.006787,  0.023287, -0.003448,  0.243699,  0.027088,  0.262033,  0.026193,  0.478420, -0.025677,1054032064.000000,  0.266657
  0.005000,  0.012000,  0.450000,  0.430000,  0.030000,  0.030000,  0.200000,  0.200000, -0.487003, -0.030921, -0.264967, -0.045537, -0.229648, -0.044643, -0.008635, -0.018815,  0.022061, -0.014723,  0.242121,  0.018247,  0.261256,  0.017757,  0.479342, -0.026424,843744512.000000,  0.180081
  0.007000,  0.010000,  0.480000,  0.430000,  0.030000,  0.030000,  0.200000,  0.200000, -0.487190, -0.030999, -0.265247, -0.046959, -0.228206, -0.045092, -0.008993, -0.006888,  0.018291, -0.003276,  0.239892,  0.016889,  0.261119,  0.015816,  0.479558, -0.026591,1420912512.000000,  0.206504
  0.002000,  0.011000,  0.700000,  0.450000,  0.030000,  0.030000,  0.200000,  0.200000, -0.490029, -0.032025, -0.270418, -0.067869, -0.232947, -0.069084, -0.011476, -0.047539,  0.020617, -0.043103,  0.239628, -0.003760,  0.260616, -0.003078,  0.481719, -0.028121,1770673408.000000,  0.069843
  0.009000,  0.014000,  0.130000,  0.090000,  0.030000,  0.030000,  0.200000,  0.200000, -0.481384, -0.027900, -0.260596, -0.000211, -0.234726,  0.001284, -0.012219, -0.000790,  0.021295,  0.000918,  0.242439,  0.025599,  0.261849,  0.024464,  0.478607, -0.025833,165844416.000000,  0.330594
  0.014000,  0.027000,  0.540000,  0.500000,  0.030000,  0.030000,  0.200000,  0.200000, -0.484765, -0.029882, -0.262255, -0.028138, -0.232916, -0.028231, -0.010422, -0.031374,  0.025737, -0.027952,  0.243691,  0.016878,  0.261196,  0.016934,  0.479433, -0.026495,59904612.000000,  0.163723
  0.001000,  0.013000,  0.290000,  0.250000,  0.030000,  0.030000,  0.200000,  0.200000, -0.483825, -0.029383, -0.261482, -0.020577, -0.231227, -0.019234, -0.008978, -0.008312,  0.023696, -0.005139,  0.243892,  0.026912,  0.262022,  0.026093,  0.478431, -0.025686,439903840.000000,  0.267264
  0.011000,  0.017000,  0.320000,  0.170000,  0.030000,  0.030000,  0.200000,  0.200000, -0.483869, -0.029407, -0.261514, -0.020939, -0.234269, -0.021140, -0.012062, -0.032876,  0.025212, -0.030091,  0.243206,  0.014540,  0.261046,  0.014674,  0.479685, -0.026689,294398784.000000,  0.163982
  0.004000,  0.019000,  0.210000,  0.110000,  0.030000,  0.030000,  0.200000,  0.200000, -0.482104, -0.028368, -0.260680, -0.006338, -0.235054, -0.005629, -0.012752, -0.015390,  0.022987, -0.013412,  0.242854,  0.020825,  0.261459,  0.020303,  0.479061, -0.026203,69496832.000000,  0.253428
  0.004000,  0.017000,  0.310000,  0.160000,  0.030000,  0.030000,  0.200000,  0.200000, -0.483813, -0.029377, -0.261474, -0.020485, -0.234519, -0.020758, -0.012406, -0.034160,  0.025123, -0.031471,  0.243055,  0.013470,  0.260986,  0.013655,  0.479799, -0.026775,183304720.000000,  0.159009
  0.015000,  0.021000,  0.870000,  0.640000,  0.030000,  0.030000,  0.200000,  0.200000, -0.490284, -0.032103, -0.270966, -0.069696, -0.238069, -0.073562, -0.016010, -0.087838,  0.021967, -0.084948,  0.239309, -0.037237,  0.263085, -0.034433,  0.485563, -0.030275,585947264.000000,  0.018386
  0.010000,  0.024000,  0.440000,  0.390000,  0.030000,  0.030000,  0.200000,  0.200000, -0.484375, -0.029679, -0.261907, -0.025015, -0.233113, -0.024988, -0.010636, -0.029224,  0.025541, -0.025978,  0.243710,  0.017795,  0.261257,  0.017777,  0.479340, -0.026423,66911268.000000,  0.175339
  0.006000,  0.021000,  0.180000,  0.170000,  0.030000,  0.030000,  0.200000,  0.200000, -0.481507, -0.027982, -0.260599, -0.001266, -0.234350,  0.000298, -0.011834, -0.000003,  0.021420,  0.001812,  0.242583,  0.026326,  0.261922,  0.025159,  0.478532, -0.025770,42741372.000000,  0.333186
  0.005000,  0.022000,  0.080000,  0.050000,  0.030000,  0.030000,  0.200000,  0.200000, -0.480232, -0.027097, -0.260797,  0.009806, -0.236316,  0.011712, -0.013813,  0.009229,  0.018380,  0.010064,  0.240455,  0.024075,  0.261648,  0.022414,  0.478830, -0.026016,24468402.000000,  0.389449
  0.019000,  0.027000,  0.930000,  0.920000,  0.030000,  0.030000,  0.200000,  0.200000, -0.489073, -0.031711, -0.268487, -0.060958, -0.234825, -0.063265, -0.012311, -0.064383,  0.024336, -0.060205,  0.240890, -0.009036,  0.260719, -0.007662,  0.482261, -0.028466,177151552.000000,  0.044393
  0.012000,  0.021000,  0.740000,  0.540000,  0.030000,  0.030000,  0.200000,  0.200000, -0.488956, -0.031671, -0.268263, -0.060103, -0.236832, -0.063301, -0.014934, -0.079891,  0.023924, -0.076700,  0.240141, -0.024128,  0.261602, -0.021925,  0.483991, -0.029474,234004608.000000,  0.021005
  0.014000,  0.020000,  0.020000,  0.020000,  0.030000,  0.030000,  0.200000,  0.200000, -0.479574, -0.026604, -0.261110,  0.015671, -0.237052,  0.017989, -0.014536,  0.018211,  0.015896,  0.018461,  0.238386,  0.021894,  0.261406,  0.019672,  0.479131, -0.026258,14853454.000000,  0.436209
  0.015000,  0.023000,  0.470000,  0.320000,  0.030000,  0.030000,  0.200000,  0.200000, -0.485122, -0.030061, -0.262607, -0.030964, -0.234618, -0.032000, -0.012645, -0.047545,  0.025800, -0.044505,  0.242572,  0.005733,  0.260682,  0.006415,  0.480618, -0.027374,153487504.000000,  0.102648
  0.002000,  0.016000,  0.490000,  0.250000,  0.030000,  0.030000,  0.200000,  0.200000, -0.486523, -0.030714, -0.264286, -0.041873, -0.235209, -0.043750, -0.013382, -0.061263,  0.025700, -0.058055,  0.241701, -0.004599,  0.260620, -0.003358,  0.481752, -0.028143,464703296.000000,  0.057240
  0.006000,  0.027000,  0.550000,  0.350000,  0.030000,  0.030000,  0.200000,  0.200000, -0.484808, -0.029903, -0.262296, -0.028474, -0.234595, -0.029342, -0.012608, -0.044698,  0.025693, -0.041742,  0.242693,  0.007497,  0.260732,  0.008072,  0.480429, -0.027239,62545472.000000,  0.114007
  0.020000,  0.028000,  0.340000,  0.240000,  0.030000,  0.030000,  0.200000,  0.200000, -0.482569, -0.028656, -0.260816, -0.010247, -0.234396, -0.009610, -0.012013, -0.017311,  0.023701, -0.015006,  0.243249,  0.021221,  0.261499,  0.020774,  0.479010, -0.026161,24824758.000000,  0.241063
  0.007000,  0.014000,  0.700000,  0.590000,  0.030000,  0.030000,  0.200000,  0.200000, -0.490336, -0.032119, -0.271079, -0.070066, -0.234607, -0.072223, -0.012406, -0.060381,  0.021690, -0.056007,  0.239683, -0.011370,  0.260810, -0.010116,  0.482554, -0.028647,1223352704.000000,  0.046164
  0.008000,  0.014000,  0.240000,  0.120000,  0.030000,  0.030000,  0.200000,  0.200000, -0.482716, -0.028745, -0.260871, -0.011468, -0.233683, -0.010608, -0.011189, -0.013838,  0.023755, -0.011342,  0.243530,  0.023485,  0.261694,  0.022901,  0.478777, -0.025973,491819264.000000,  0.256005
  0.004000,  0.019000,  0.240000,  0.210000,  0.030000,  0.030000,  0.200000,  0.200000, -0.482539, -0.028638, -0.260805, -0.009994, -0.233649, -0.008980, -0.011142, -0.011037,  0.023426, -0.008615,  0.243473,  0.024446,  0.261777,  0.023751,  0.478685, -0.025897,66864924.000000,  0.270542
  0.011000,  0.028000,  0.990000,  0.650000,  0.030000,  0.030000,  0.200000,  0.200000, -0.489173, -0.031746, -0.268681, -0.061689, -0.237775, -0.065300, -0.016317, -0.086984,  0.022941, -0.084410,  0.239673, -0.034003,  0.262651, -0.031302,  0.485165, -0.030082,292440544.000000,  0.015512
  0.020000,  0.030000,  0.160000,  0.130000,  0.030000,  0.030000,  0.200000,  0.200000, -0.480709, -0.027438, -0.260662,  0.005623, -0.235551,  0.007387, -0.013043,  0.005428,  0.019673,  0.006651,  0.241413,  0.025226,  0.261780,  0.023782,  0.478681, -0.025894,21753430.000000,  0.367183
  0.005000,  0.015000,  0.100000,  0.060000,  0.030000,  0.030000,  0.200000,  0.200000, -0.480842, -0.027531, -0.260638,  0.004470, -0.235552,  0.006097, -0.013060,  0.002815,  0.020112,  0.004119,  0.241660,  0.024856,  0.261756,  0.023540,  0.478708, -0.025916,94056920.000000,  0.353004
  0.008000,  0.021000,  0.200000,  0.150000,  0.030000,  0.030000,  0.200000,  0.200000, -0.481758, -0.028147, -0.260620, -0.003413, -0.234623, -0.002212, -0.012147, -0.006455,  0.022198, -0.004541,  0.242824,  0.024405,  0.261754,  0.023518,  0.478710, -0.025918,51971340.000000,  0.299472
  0.012000,  0.029000,  0.650000,  0.440000,  0.030000,  0.030000,  0.200000,  0.200000, -0.485418, -0.030205, -0.262923, -0.033295, -0.234561, -0.034448, -0.012548, -0.049423,  0.025904, -0.046271,  0.242516,  0.004653,  0.260657,  0.005404,  0.480734, -0.027456,87865744.000000,  0.095365
  0.011000,  0.019000,  0.520000,  0.300000,  0.030000,  0.030000,  0.200000,  0.200000, -0.486418, -0.030668, -0.264144, -0.041064, -0.235369, -0.042966, -0.013662, -0.061924,  0.025605, -0.058831,  0.241610, -0.005394,  0.260632, -0.004117,  0.481841, -0.028200,293708544.000000,  0.055792
  0.012000,  0.026000,  0.440000,  0.320000,  0.030000,  0.030000,  0.200000,  0.200000, -0.483888, -0.029417, -0.261527, -0.021088, -0.233999, -0.021181, -0.011699, -0.031002,  0.025249, -0.028133,  0.243368,  0.015884,  0.261128,  0.015945,  0.479543, -0.026580,39658768.000000,  0.171542
  0.015000,  0.029000,  0.350000,  0.320000,  0.030000,  0.030000,  0.200000,  0.200000, -0.482514, -0.028622, -0.260796, -0.009781, -0.233651, -0.008748, -0.011143, -0.010680,  0.023379, -0.008271,  0.243461,  0.024554,  0.261787,  0.023845,  0.478674, -0.025888,40930992.000000,  0.272379
  0.013000,  0.018000,  0.770000,  0.500000,  0.030000,  0.030000,  0.200000,  0.200000, -0.489845, -0.031967, -0.270033, -0.066554, -0.237473, -0.070136, -0.015398, -0.084160,  0.022835, -0.081015,  0.239632, -0.030890,  0.262285, -0.028384,  0.484796, -0.029897,898864960.000000,  0.018724
  0.016000,  0.023000,  0.710000,  0.560000,  0.030000,  0.030000,  0.200000,  0.200000, -0.487931, -0.031294, -0.266429, -0.052524, -0.235449, -0.054932, -0.013327, -0.068188,  0.025248, -0.064613,  0.241149, -0.010756,  0.260773, -0.009209,  0.482445, -0.028580,103846560.000000,  0.039259
  0.004000,  0.011000,  0.630000,  0.380000,  0.030000,  0.030000,  0.200000,  0.200000, -0.488931, -0.031662, -0.268215, -0.059917, -0.232028, -0.060679, -0.010319, -0.041736,  0.022411, -0.037239,  0.241014,  0.004313,  0.260643,  0.004730,  0.480812, -0.027510,1734845056.000000,  0.093197
  0.006000,  0.024000,  0.940000,  0.770000,  0.030000,  0.030000,  0.200000,  0.200000, -0.490198, -0.032077, -0.270779, -0.069079, -0.237766, -0.072812, -0.015625, -0.085732,  0.022293, -0.082644,  0.239416, -0.033946,  0.262652, -0.031307,  0.485165, -0.030082,180830592.000000,  0.018757
  0.005000,  0.015000,  0.720000,  0.490000,  0.030000,  0.030000,  0.200000,  0.200000, -0.490213, -0.032081, -0.270812, -0.069188, -0.236981, -0.072571, -0.014577, -0.079651,  0.022669, -0.076054,  0.239607, -0.026539,  0.261833, -0.024304,  0.484286, -0.029632,1045514304.000000,  0.022663
  0.019000,  0.026000,  0.420000,  0.390000,  0.030000,  0.030000,  0.200000,  0.200000, -0.483690, -0.029308, -0.261390, -0.019484, -0.233081, -0.019025, -0.010580, -0.021626,  0.024902, -0.018631,  0.243819,  0.021233,  0.261514,  0.020940,  0.478991, -0.026147,37400488.000000,  0.212471
  0.005000,  0.013000,  0.100000,  0.100000,  0.030000,  0.030000,  0.200000,  0.200000, -0.480997, -0.027639, -0.260616,  0.003117, -0.234453,  0.005134, -0.011962,  0.008515,  0.019871,  0.009999,  0.241712,  0.027328,  0.261985,  0.025749,  0.478468, -0.025717,122437800.000000,  0.379596
  0.015000,  0.028000,  0.660000,  0.440000,  0.030000,  0.030000,  0.200000,  0.200000, -0.485849, -0.030410, -0.263420, -0.036665, -0.234936, -0.038164, -0.013079, -0.055285,  0.025817, -0.052162,  0.242099,  0.000144,  0.260599,  0.001133,  0.481227, -0.027795,87767160.000000,  0.075422
  0.014000,  0.022000,  0.130000,  0.080000,  0.030000,  0.030000,  0.200000,  0.200000, -0.480817, -0.027514, -0.260642,  0.004681, -0.235712,  0.006256, -0.013235,  0.002036,  0.020111,  0.003306,  0.241623,  0.024431,  0.261718,  0.023149,  0.478750, -0.025951,47172788.000000,  0.349063
  0.015000,  0.026000,  0.070000,  0.060000,  0.030000,  0.030000,  0.200000,  0.200000, -0.480015, -0.026937, -0.260884,  0.011729, -0.236411,  0.013836, -0.013895,  0.013198,  0.017531,  0.013863,  0.239821,  0.023920,  0.261612,  0.022035,  0.478872, -0.026050,16439934.000000,  0.410388
  0.013000,  0.018000,  0.650000,  0.510000,  0.030000,  0.030000,  0.200000,  0.200000, -0.488409, -0.031474, -0.267256, -0.056074, -0.234837, -0.058306, -0.012399, -0.064241,  0.025071, -0.060248,  0.241264, -0.007576,  0.260677, -0.006221,  0.482090, -0.028359,598269888.000000,  0.046359
  0.006000,  0.015000,  0.210000,  0.120000,  0.030000,  0.030000,  0.200000,  0.200000, -0.482691, -0.028730, -0.260861, -0.011264, -0.234487, -0.010761, -0.012151, -0.019750,  0.023896, -0.017419,  0.243221,  0.020129,  0.261414,  0.019777,  0.479119, -0.026249,153290944.000000,  0.228879
  0.008000,  0.016000,  0.230000,  0.190000,  0.030000,  0.030000,  0.200000,  0.200000, -0.482893, -0.028850, -0.260946, -0.012934, -0.233473, -0.012108, -0.010971, -0.014647,  0.023965, -0.012042,  0.243631,  0.023464,  0.261695,  0.022910,  0.478776, -0.025972,132534624.000000,  0.250727
  0.006000,  0.030000,  0.690000,  0.520000,  0.030000,  0.030000,  0.200000,  0.200000, -0.485556, -0.030271, -0.263077, -0.034374, -0.234119, -0.035400, -0.011909, -0.047065,  0.026059, -0.043707,  0.242773,  0.006777,  0.260711,  0.007425,  0.480503, -0.027292,94847128.000000,  0.102478
  0.005000,  0.027000,  0.020000,  0.010000,  0.030000,  0.030000,  0.200000,  0.200000, -0.479521, -0.026563, -0.261141,  0.016144, -0.237276,  0.018416, -0.014760,  0.017691,  0.015812,  0.017884,  0.238301,  0.021419,  0.261369,  0.019219,  0.479181, -0.026297,4438242.500000,  0.433518
  0.013000,  0.028000,  0.570000,  0.530000,  0.030000,  0.030000,  0.200000,  0.200000, -0.484860, -0.029930, -0.262346, -0.028893, -0.232890, -0.029022, -0.010393, -0.032008,  0.025779, -0.028547,  0.243674,  0.016568,  0.261176,  0.016646,  0.479465, -0.026520,66387396.000000,  0.160690
  0.016000,  0.024000,  0.110000,  0.090000,  0.030000,  0.030000,  0.200000,  0.200000, -0.480491, -0.027284, -0.260714,  0.007527, -0.235782,  0.009410, -0.013269,  0.008009,  0.019036,  0.009069,  0.240978,  0.025055,  0.261750,  0.023474,  0.478715, -0.025922,32128008.000000,  0.381806
  0.009000,  0.029000,  0.320000,  0.250000,  0.030000,  0.030000,  0.200000,  0.200000, -0.482218, -0.028440, -0.260708, -0.007304, -0.234285, -0.006336, -0.011822, -0.011209,  0.023058, -0.009028,  0.243182,  0.023517,  0.261687,  0.022828,  0.478785, -0.025979,34004144.000000,  0.272611
  0.002000,  0.013000,  0.780000,  0.750000,  0.030000,  0.030000,  0.200000,  0.200000, -0.492003, -0.032574, -0.274990, -0.081761, -0.235301, -0.083844, -0.014333, -0.057639,  0.015679, -0.053960,  0.236433, -0.026008,  0.261873, -0.024689,  0.484334, -0.029658,1302741120.000000,  0.035246
  0.009000,  0.020000,  0.580000,  0.530000,  0.030000,  0.030000,  0.200000,  0.200000, -0.487160, -0.030986, -0.265200, -0.046725, -0.233565, -0.048082, -0.011073, -0.051401,  0.025869, -0.047376,  0.242424,  0.003785,  0.260640,  0.004580,  0.480829, -0.027522,151055440.000000,  0.081772
  0.008000,  0.024000,  0.820000,  0.510000,  0.030000,  0.030000,  0.200000,  0.200000, -0.488696, -0.031579, -0.267777, -0.058194, -0.237724, -0.061685, -0.016586, -0.086421,  0.023117, -0.084051,  0.239740, -0.033176,  0.262548, -0.030509,  0.485064, -0.030032,179633696.000000,  0.014696
  0.005000,  0.012000,  0.570000,  0.330000,  0.030000,  0.030000,  0.200000,  0.200000, -0.488311, -0.031438, -0.267083, -0.055353, -0.232425, -0.056329, -0.010202, -0.044905,  0.024097, -0.040440,  0.241840,  0.005407,  0.260670,  0.005944,  0.480672, -0.027412,1325979008.000000,  0.091458
  0.013000,  0.023000,  0.580000,  0.290000,  0.030000,  0.030000,  0.200000,  0.200000, -0.486105, -0.030528, -0.263737, -0.038652, -0.236069, -0.040698, -0.014924, -0.065362,  0.025033, -0.062765,  0.241125, -0.009683,  0.260737, -0.008213,  0.482327, -0.028507,152880144.000000,  0.047373
  0.007000,  0.027000,  0.620000,  0.470000,  0.030000,  0.030000,  0.200000,  0.200000, -0.485553, -0.030270, -0.263074, -0.034355, -0.234085, -0.035366, -0.011861, -0.046785,  0.026065, -0.043416,  0.242796,  0.006995,  0.260718,  0.007631,  0.480480, -0.027275,78464184.000000,  0.103377
  0.015000,  0.026000,  0.960000,  0.520000,  0.030000,  0.030000,  0.200000,  0.200000, -0.489215, -0.031760, -0.268761, -0.061990, -0.238902, -0.066019, -0.018320, -0.095297,  0.021075, -0.094018,  0.239294, -0.050491,  0.265251, -0.046982,  0.487193, -0.031000,496603072.000000,  0.016049
  0.004000,  0.030000,  0.150000,  0.140000,  0.030000,  0.030000,  0.200000,  0.200000, -0.480609, -0.027368, -0.260684,  0.006497, -0.235501,  0.008392, -0.012985,  0.007829,  0.019284,  0.008991,  0.241183,  0.025561,  0.261802,  0.023996,  0.478658, -0.025875,16731244.000000,  0.379969
  0.010000,  0.015000,  0.270000,  0.160000,  0.030000,  0.030000,  0.200000,  0.200000, -0.483156, -0.029005, -0.261074, -0.015112, -0.233385, -0.014435, -0.010889, -0.017461,  0.024332, -0.014731,  0.243703,  0.022549,  0.261619,  0.022103,  0.478864, -0.026044,457734848.000000,  0.235451
  0.017000,  0.029000,  0.070000,  0.070000,  0.030000,  0.030000,  0.200000,  0.200000, -0.479950, -0.026889, -0.260913,  0.012307, -0.236417,  0.014488, -0.013900,  0.014597,  0.017237,  0.015209,  0.239586,  0.023837,  0.261597,  0.021870,  0.478890, -0.026064,11228126.000000,  0.417555
  0.019000,  0.025000,  0.190000,  0.170000,  0.030000,  0.030000,  0.200000,  0.200000, -0.481281, -0.027832, -0.260597,  0.000666, -0.234728,  0.002259, -0.012214,  0.001037,  0.021005,  0.002687,  0.242302,  0.025951,  0.261877,  0.024732,  0.478578, -0.025809,45720708.000000,  0.340626
  0.009000,  0.014000,  0.380000,  0.370000,  0.030000,  0.030000,  0.200000,  0.200000, -0.485314, -0.030155, -0.262809, -0.032477, -0.230485, -0.031542, -0.008487, -0.016363,  0.024081, -0.012593,  0.243675,  0.023354,  0.261687,  0.022824,  0.478785, -0.025980,593837120.000000,  0.214554
  0.013000,  0.029000,  0.210000,  0.200000,  0.030000,  0.030000,  0.200000,  0.200000, -0.481210, -0.027784, -0.260600,  0.001282, -0.234718,  0.002949, -0.012202,  0.002419,  0.020785,  0.004027,  0.242193,  0.026205,  0.261897,  0.024921,  0.478558, -0.025792,22182778.000000,  0.347763
  0.007000,  0.021000,  0.510000,  0.280000,  0.030000,  0.030000,  0.200000,  0.200000, -0.485792, -0.030383, -0.263352, -0.036221, -0.235464, -0.037905, -0.013938, -0.058877,  0.025488, -0.056029,  0.241700, -0.003435,  0.260607, -0.002275,  0.481625, -0.028060,124192256.000000,  0.065205
  0.009000,  0.019000,  0.190000,  0.140000,  0.030000,  0.030000,  0.200000,  0.200000, -0.481849, -0.028205, -0.260633, -0.004181, -0.234548, -0.003024, -0.012073, -0.007368,  0.022375, -0.005399,  0.242905,  0.024270,  0.261745,  0.023422,  0.478720, -0.025926,73243424.000000,  0.294194
  0.010000,  0.024000,  0.540000,  0.390000,  0.030000,  0.030000,  0.200000,  0.200000, -0.485434, -0.030213, -0.262941, -0.033423, -0.234264, -0.034457, -0.012118, -0.047287,  0.026000, -0.044018,  0.242719,  0.006448,  0.260702,  0.007109,  0.480539, -0.027318,63784796.000000,  0.102255
  0.008000,  0.014000,  0.550000,  0.520000,  0.030000,  0.030000,  0.200000,  0.200000, -0.488261, -0.031420, -0.266995, -0.054980, -0.231724, -0.055545, -0.009817, -0.039084,  0.023403, -0.034618,  0.241780,  0.008107,  0.260744,  0.008414,  0.480390, -0.027211,827467776.000000,  0.106683
  0.007000,  0.027000,  0.110000,  0.080000,  0.030000,  0.030000,  0.200000,  0.200000, -0.480367, -0.027195, -0.260751,  0.008619, -0.236067,  0.010497, -0.013561,  0.008336,  0.018749,  0.009286,  0.240743,  0.024524,  0.261696,  0.022918,  0.478775, -0.025971,15684942.000000,  0.384028
  0.004000,  0.018000,  0.260000,  0.180000,  0.030000,  0.030000,  0.200000,  0.200000, -0.483131, -0.028990, -0.261060, -0.014902, -0.234250, -0.014611, -0.011926, -0.023863,  0.024471, -0.021318,  0.243342,  0.018795,  0.261319,  0.018596,  0.479249, -0.026352,24840430.000000,  0.207145
  0.004000,  0.018000,  0.000000,  0.000000,  0.030000,  0.030000,  0.200000,  0.200000, -0.479339, -0.026422, -0.261258,  0.017785, -0.237517,  0.020167, -0.015000,  0.020167,  0.015000,  0.020167,  0.237517,  0.020167,  0.261258,  0.017785,  0.479339, -0.026422,  0.000000,  0.445322
  0.004000,  0.017000,  0.500000,  0.300000,  0.030000,  0.030000,  0.200000,  0.200000, -0.486616, -0.030755, -0.264414, -0.042583, -0.234977, -0.044399, -0.013005, -0.059972,  0.025813, -0.056623,  0.241838, -0.003267,  0.260605, -0.002090,  0.481603, -0.028046,355214464.000000,  0.060480
  0.008000,  0.017000,  0.610000,  0.510000,  0.030000,  0.030000,  0.200000,  0.200000, -0.488887, -0.031647, -0.268133, -0.059597, -0.235155, -0.062045, -0.012694, -0.067003,  0.024592, -0.062987,  0.240895, -0.010768,  0.260776, -0.009274,  0.482453, -0.028585,279004000.000000,  0.040016
  0.008000,  0.014000,  0.180000,  0.110000,  0.030000,  0.030000,  0.200000,  0.200000, -0.482282, -0.028479, -0.260725, -0.007840, -0.234368, -0.006964, -0.011929, -0.012834,  0.023203, -0.010640,  0.243183,  0.022860,  0.261631,  0.022237,  0.478850, -0.026032,192341104.000000,  0.264431
  0.004000,  0.023000,  0.770000,  0.760000,  0.030000,  0.030000,  0.200000,  0.200000, -0.488503, -0.031509, -0.267425, -0.056771, -0.234100, -0.058660, -0.011583, -0.058543,  0.024878, -0.054298,  0.241470, -0.003293,  0.260606, -0.002193,  0.481615, -0.028053,131706688.000000,  0.058016
  0.012000,  0.019000,  0.040000,  0.030000,  0.030000,  0.030000,  0.200000,  0.200000, -0.479832, -0.026800, -0.260969,  0.013362, -0.236713,  0.015535, -0.014197,  0.014925,  0.016919,  0.015423,  0.239301,  0.023154,  0.261533,  0.021155,  0.478968, -0.026128,31180978.000000,  0.419736
  0.015000,  0.020000,  0.560000,  0.440000,  0.030000,  0.030000,  0.200000,  0.200000, -0.486891, -0.030873, -0.264803, -0.044683, -0.234330, -0.046314, -0.012037, -0.056288,  0.025972, -0.052584,  0.242157,  0.000118,  0.260599,  0.001123,  0.481228, -0.027796,156491200.000000,  0.069450
  0.009000,  0.024000,  0.410000,  0.340000,  0.030000,  0.030000,  0.200000,  0.200000, -0.483927, -0.029439, -0.261555, -0.021407, -0.233496, -0.021295, -0.011067, -0.027543,  0.025251, -0.024537,  0.243627,  0.018191,  0.261283,  0.018118,  0.479302, -0.026393,33940924.000000,  0.185676
  0.015000,  0.027000,  0.940000,  0.760000,  0.030000,  0.030000,  0.200000,  0.200000, -0.489109, -0.031724, -0.268557, -0.061223, -0.236568, -0.064334, -0.014464, -0.077890,  0.023995, -0.074470,  0.240220, -0.021931,  0.261420, -0.019850,  0.483735, -0.029333,178168576.000000,  0.023496
  0.004000,  0.023000,  0.980000,  0.560000,  0.030000,  0.030000,  0.200000,  0.200000, -0.490099, -0.032046, -0.270567, -0.068371, -0.239272, -0.072694, -0.018113, -0.097243,  0.020139, -0.095981,  0.239199, -0.056909,  0.266565, -0.053128,  0.488012, -0.031325,743539456.000000,  0.022267
  0.003000,  0.016000,  0.190000,  0.110000,  0.030000,  0.030000,  0.200000,  0.200000, -0.482199, -0.028427, -0.260703, -0.007140, -0.234720, -0.006358, -0.012344, -0.014286,  0.023122, -0.012196,  0.243027,  0.021799,  0.261540,  0.021234,  0.478959, -0.026121,106143168.000000,  0.257986
  0.006000,  0.019000,  0.140000,  0.080000,  0.030000,  0.030000,  0.200000,  0.200000, -0.481151, -0.027744, -0.260603,  0.001789, -0.235478,  0.003146, -0.013032, -0.002465,  0.020987, -0.000983,  0.242102,  0.023953,  0.261692,  0.022884,  0.478779, -0.025974,57463144.000000,  0.323983
  0.008000,  0.021000,  0.150000,  0.120000,  0.030000,  0.030000,  0.200000,  0.200000, -0.481133, -0.027731, -0.260604,  0.001947, -0.235057,  0.003523, -0.012552,  0.001175,  0.020750,  0.002705,  0.242102,  0.025442,  0.261824,  0.024212,  0.478634, -0.025856,43295880.000000,  0.342268
  0.008000,  0.025000,  0.680000,  0.440000,  0.030000,  0.030000,  0.200000,  0.200000, -0.486715, -0.030798, -0.264552, -0.043340, -0.235509, -0.045407, -0.013809, -0.064461,  0.025509, -0.061342,  0.241433, -0.007578,  0.260676, -0.006188,  0.482086, -0.028356,115917952.000000,  0.048973
  0.008000,  0.016000,  0.300000,  0.280000,  0.030000,  0.030000,  0.200000,  0.200000, -0.483859, -0.029402, -0.261507, -0.020860, -0.232172, -0.020053, -0.009686, -0.016349,  0.024611, -0.013178,  0.244004,  0.023976,  0.261750,  0.023477,  0.478714, -0.025921,253058384.000000,  0.233191
  0.021000,  0.028000,  0.790000,  0.640000,  0.030000,  0.030000,  0.200000,  0.200000, -0.487218, -0.031010, -0.265289, -0.047169, -0.234753, -0.049087, -0.012546, -0.060823,  0.025778, -0.057178,  0.241789, -0.003765,  0.260610, -0.002563,  0.481659, -0.028082,131425096.000000,  0.056807
  0.017000,  0.025000,  0.230000,  0.160000,  0.030000,  0.030000,  0.200000,  0.200000, -0.481712, -0.028117, -0.260615, -0.003018, -0.234838, -0.001877, -0.012388, -0.007355,  0.022166, -0.005496,  0.242744,  0.023808,  0.261700,  0.022959,  0.478771, -0.025968,47979632.000000,  0.295333
  0.007000,  0.016000,  0.150000,  0.100000,  0.030000,  0.030000,  0.200000,  0.200000, -0.481575, -0.028027, -0.260603, -0.001854, -0.234824, -0.000585, -0.012350, -0.004925,  0.021840, -0.003130,  0.242636,  0.024485,  0.261755,  0.023532,  0.478708, -0.025917,104783080.000000,  0.308526
  0.003000,  0.022000,  0.270000,  0.170000,  0.030000,  0.030000,  0.200000,  0.200000, -0.482559, -0.028650, -0.260812, -0.010163, -0.234657, -0.009637, -0.012345, -0.019183,  0.023709, -0.016941,  0.243126,  0.020072,  0.261408,  0.019698,  0.479128, -0.026255,30872410.000000,  0.232444
  0.019000,  0.027000,  0.570000,  0.290000,  0.030000,  0.030000,  0.200000,  0.200000, -0.485044, -0.030022, -0.262527, -0.030345, -0.235445, -0.031672, -0.013964, -0.053119,  0.025329, -0.050472,  0.241933,  0.000482,  0.260600,  0.001412,  0.481195, -0.027773,89112144.000000,  0.084380
  0.005000,  0.023000,  0.060000,  0.050000,  0.030000,  0.030000,  0.200000,  0.200000, -0.479981, -0.026912, -0.260899,  0.012034, -0.236471,  0.014152, -0.013955,  0.013486,  0.017423,  0.014120,  0.239730,  0.023780,  0.261598,  0.021876,  0.478889, -0.026064,16190740.000000,  0.412117
