IRTT,"	ORTT","	T1","		T2","		T3","		G","		HNG","		phiL","	phiR","	UX1","		UY1","		UX2	","	UY2	","	UX3	","	UY3	","	UX4	","	UY4","		UX5","		UY5","		UX6","		UY6	","	UX7","		UY7","		UX8","		UY8","		UX9","		UY9","		UX10","		UY10","		MaxVM",Error
0.015,0.028,0.91,0.86,0.17,0.041,0.021,0.11,0.16,-0.477319,-0.018623,-0.318512,-0.001083,-0.279597,0.001382,-0.119847,0.00402,-0.078853,0.004697,0.080897,0.007336,0.121892,0.008013,0.281642,0.010651,0.318685,0.007989,0.476416,-0.017466,814115840,0.022883
0.019,0.027,0.5,0.29,0.11,0.04,0.038,0.13,0.15,-0.475243,-0.035087,-0.315807,-0.014242,-0.280651,-0.011838,-0.119863,-0.010776,-0.079863,-0.010512,0.080926,-0.009451,0.120925,-0.009187,0.281714,-0.008125,0.315559,-0.010556,0.474546,-0.034585,115404920,0.03451
0.003,0.02,0.46,0.45,0.03,0.033,0.044,0.3,0.2,-0.471234,-0.037159,-0.309131,0.012986,-0.2913,0.015387,-0.121706,0.009909,-0.088723,0.008844,0.08087,0.003366,0.113853,0.0023,0.283446,-0.003178,0.308788,-0.006134,0.475087,-0.039845,128464672,0.211056
0.018,0.029,0.33,0.3,0.16,0.047,0.048,0.19,0.28,-0.467858,-0.042698,-0.315297,-0.013358,-0.276395,-0.009077,-0.121105,-0.004546,-0.074125,-0.003176,0.081165,0.001355,0.128145,0.002726,0.283435,0.007257,0.314844,0.003297,0.46415,-0.039636,38037084,0.275938
0.018,0.03,0.12,0.12,0.14,0.029,0.027,0.16,0.16,-0.481384,-0.024345,-0.311554,0.003062,-0.287041,0.005027,-0.115014,0.005027,-0.086014,0.005027,0.086014,0.005027,0.115014,0.005027,0.287041,0.005027,0.311554,0.003062,0.481384,-0.024345,6491482.5,0.272526
0.007,0.01,0.13,0.12,0.18,0.032,0.023,0.29,0.13,-0.478091,-0.017464,-0.315003,0.031203,-0.291468,0.034016,-0.121505,0.025147,-0.089548,0.02348,0.080415,0.014612,0.112371,0.012944,0.282335,0.004076,0.312395,0.001331,0.481153,-0.020732,306704768,0.399937
0.007,0.019,0.11,0.06,0.16,0.029,0.044,0.14,0.19,-0.479502,-0.041546,-0.309052,-0.017526,-0.285613,-0.015689,-0.113502,-0.012859,-0.084506,-0.012383,0.087604,-0.009553,0.1166,-0.009076,0.288711,-0.006247,0.308415,-0.007961,0.477451,-0.04047,25280370,0.237458
0.011,0.022,0.08,0.07,0.02,0.048,0.05,0.19,0.24,-0.466989,-0.044568,-0.315858,-0.015502,-0.276922,-0.011472,-0.123043,-0.008966,-0.075049,-0.008185,0.078831,-0.005679,0.126824,-0.004898,0.280704,-0.002392,0.315314,-0.00628,0.464803,-0.042862,24757340,0.316271
0.007,0.024,0.03,0.02,0.15,0.032,0.02,0.18,0.19,-0.480678,-0.016812,-0.314038,0.013511,-0.285812,0.016105,-0.116437,0.01666,-0.084437,0.016765,0.084938,0.01732,0.116938,0.017424,0.286313,0.017979,0.314183,0.01537,0.480511,-0.016618,15700318,0.3385
0.006,0.023,0.14,0.1,0.04,0.033,0.022,0.11,0.14,-0.481185,-0.020056,-0.314557,-0.001652,-0.283854,0.000191,-0.116221,0.001854,-0.083223,0.002182,0.08441,0.003845,0.117408,0.004172,0.285041,0.005835,0.314591,0.003911,0.480591,-0.019482,21888672,0.159299
0.003,0.026,0.32,0.25,0.1,0.03,0.044,0.22,0.18,-0.475759,-0.039666,-0.308262,-0.00221,-0.288802,-0.00019,-0.117183,-0.002432,-0.087186,-0.002824,0.084434,-0.005067,0.114431,-0.005459,0.28605,-0.007702,0.308504,-0.009876,0.477365,-0.040604,42371684,0.191029
0.014,0.022,0.3,0.23,0.1,0.025,0.049,0.13,0.16,-0.481253,-0.046966,-0.306879,-0.024169,-0.287853,-0.022836,-0.112003,-0.021096,-0.087005,-0.020848,0.088845,-0.019108,0.113844,-0.018861,0.289693,-0.017121,0.306241,-0.018365,0.479853,-0.046383,72471688,0.11157
0.02,0.028,0.72,0.64,0.18,0.038,0.032,0.13,0.17,-0.477012,-0.029267,-0.315458,-0.008146,-0.281346,-0.0057,-0.118432,-0.003552,-0.080435,-0.003051,0.08248,-0.000903,0.120476,-0.000402,0.283391,0.001746,0.31528,-0.00076,0.47586,-0.028324,127182560,0.031926
0.007,0.022,0.46,0.43,0.11,0.024,0.029,0.15,0.15,-0.483801,-0.026881,-0.308885,-0.000445,-0.289354,0.001022,-0.112451,0.001022,-0.088451,0.001022,0.088451,0.001022,0.112451,0.001022,0.289354,0.001022,0.308885,-0.000445,0.483801,-0.026881,71098328,0.081031
0.003,0.026,0.49,0.39,0.12,0.02,0.035,0.19,0.12,-0.48357,-0.032482,-0.305783,0.00171,-0.293383,0.002748,-0.112386,-0.001425,-0.092391,-0.001886,0.088606,-0.006059,0.1086,-0.00652,0.289597,-0.010693,0.306139,-0.011878,0.485882,-0.033551,73984712,0.070868
0.007,0.015,0.13,0.09,0,0.04,0.039,0.29,0.17,-0.469683,-0.031652,-0.314097,0.014776,-0.287618,0.018118,-0.125375,0.011798,-0.085406,0.010241,0.076837,0.003921,0.116806,0.002364,0.279049,-0.003955,0.313665,-0.007585,0.47369,-0.035054,290921152,0.368088
0.003,0.019,0.68,0.45,0.04,0.039,0.021,0.14,0.29,-0.47776,-0.018073,-0.316128,0.004704,-0.279248,0.008196,-0.116213,0.016162,-0.07726,0.018066,0.085775,0.026032,0.124729,0.027935,0.287763,0.035901,0.318896,0.032129,0.475309,-0.014547,398198464,0.018202
0.013,0.021,0.18,0.12,0.11,0.031,0.049,0.12,0.25,-0.478746,-0.046792,-0.309319,-0.026363,-0.282225,-0.024155,-0.111726,-0.016892,-0.080754,-0.015572,0.089744,-0.008309,0.120716,-0.006989,0.291215,0.000275,0.307511,-0.001422,0.472859,-0.043642,56756116,0.217352
0.012,0.022,0.36,0.27,0.04,0.041,0.031,0.17,0.19,-0.474551,-0.027085,-0.316554,0.000036,-0.280892,0.003193,-0.120587,0.004244,-0.079588,0.004513,0.080716,0.005565,0.121715,0.005833,0.282019,0.006885,0.316592,0.003705,0.474014,-0.026571,69870856,0.098126
0.021,0.029,0.43,0.26,0.02,0.021,0.033,0.23,0.23,-0.482253,-0.029737,-0.305894,0.011556,-0.292694,0.013081,-0.111565,0.013081,-0.090565,0.013081,0.090565,0.013081,0.111565,0.013081,0.292694,0.013081,0.305894,0.011556,0.482253,-0.029737,41441984,0.147019
0.01,0.015,0.08,0.07,0.06,0.043,0.039,0.26,0.19,-0.469196,-0.032162,-0.315427,0.008744,-0.284068,0.012482,-0.124992,0.008863,-0.082003,0.007885,0.077073,0.004267,0.120062,0.003289,0.279138,-0.000329,0.315267,-0.004187,0.471521,-0.034238,86679280,0.362353
0.005,0.025,0.25,0.23,0.07,0.035,0.026,0.19,0.11,-0.477905,-0.022227,-0.314884,0.009125,-0.2858,0.01151,-0.11985,0.007134,-0.084862,0.006211,0.081089,0.001835,0.116077,0.000913,0.282027,-0.003463,0.314747,-0.005698,0.479752,-0.023922,21049350,0.172502
0.003,0.012,0.63,0.52,0.11,0.042,0.047,0.24,0.23,-0.46843,-0.040661,-0.312797,-0.002575,-0.282724,0.001002,-0.1225,0.000482,-0.0805,0.000346,0.079724,-0.000173,0.121724,-0.00031,0.281948,-0.000829,0.312832,-0.004447,0.468838,-0.040975,877683584,0.096598
0.015,0.027,0.61,0.56,0.1,0.022,0.029,0.12,0.25,-0.485607,-0.027475,-0.307246,-0.005968,-0.287572,-0.004365,-0.108082,0.003282,-0.086102,0.004218,0.093389,0.011865,0.115369,0.012801,0.29486,0.020448,0.308099,0.01907,0.482167,-0.025377,118844784,0.092576
0.004,0.023,0.94,0.61,0.09,0.039,0.04,0.24,0.21,-0.471551,-0.034218,-0.313172,0.00454,-0.28463,0.00784,-0.121586,0.006251,-0.082588,0.005871,0.080456,0.004281,0.119454,0.003901,0.282498,0.002312,0.31312,-0.001067,0.47259,-0.035056,373449856,0.016232
0.011,0.02,0.03,0.02,0.12,0.039,0.025,0.21,0.17,-0.475717,-0.020386,-0.31681,0.013484,-0.283779,0.016747,-0.121316,0.014619,-0.08232,0.014109,0.080143,0.011982,0.11914,0.011471,0.281602,0.009344,0.316417,0.006148,0.476552,-0.021341,14465167,0.33595
0.015,0.029,0.39,0.2,0.16,0.025,0.029,0.14,0.21,-0.483576,-0.026972,-0.30899,-0.002369,-0.287496,-0.000614,-0.111233,0.003437,-0.086239,0.004011,0.090025,0.008061,0.115018,0.008635,0.291282,0.012686,0.309292,0.010996,0.481729,-0.025757,50771628,0.108005
0.007,0.027,0.38,0.38,0.12,0.03,0.025,0.12,0.19,-0.482115,-0.023025,-0.3123,-0.002548,-0.284829,-0.00058,-0.113829,0.003362,-0.083837,0.004054,0.087162,0.007996,0.117154,0.008688,0.288153,0.01263,0.312582,0.010586,0.480548,-0.021717,44776880,0.151104
0.012,0.022,0.45,0.32,0.2,0.027,0.021,0.13,0.19,-0.483892,-0.019073,-0.311274,0.003495,-0.286698,0.005338,-0.112646,0.008775,-0.085651,0.009308,0.088402,0.012745,0.115397,0.013278,0.289449,0.016715,0.311823,0.014805,0.482777,-0.018072,87925736,0.065032
0.009,0.012,0.54,0.29,0.04,0.04,0.042,0.23,0.12,-0.470952,-0.036334,-0.313773,0.000468,-0.285404,0.003227,-0.12408,-0.002599,-0.084106,-0.004042,0.077218,-0.009868,0.117192,-0.011312,0.278517,-0.017137,0.314847,-0.019979,0.475116,-0.039304,1551085056,0.149189
0.011,0.029,1,0.56,0.01,0.045,0.032,0.14,0.26,-0.473255,-0.028547,-0.317945,-0.006661,-0.276394,-0.002928,-0.119669,0.003217,-0.074704,0.00498,0.08202,0.011125,0.126986,0.012888,0.28371,0.019033,0.318456,0.015182,0.47003,-0.02514,449863680,0.024532
0.015,0.027,0.05,0.04,0.2,0.025,0.025,0.23,0.11,-0.48213,-0.021492,-0.310377,0.018723,-0.2924,0.020441,-0.116139,0.013491,-0.091159,0.012506,0.085102,0.005556,0.110083,0.004571,0.286344,-0.002379,0.309499,-0.004112,0.484831,-0.023477,12938979,0.329335
0.005,0.017,0.31,0.27,0.18,0.026,0.026,0.15,0.12,-0.483261,-0.023765,-0.310477,0.002348,-0.288767,0.003871,-0.11403,0.00214,-0.088031,0.001882,0.086706,0.000151,0.112704,-0.000107,0.287441,-0.001838,0.310492,-0.003338,0.483981,-0.024257,74867672,0.105314
0.007,0.011,0.09,0.07,0.17,0.035,0.024,0.14,0.21,-0.479322,-0.021323,-0.314639,0.001884,-0.282613,0.0045,-0.116346,0.00832,-0.081355,0.009124,0.084911,0.012945,0.119902,0.013749,0.286168,0.017569,0.315225,0.014844,0.477881,-0.019825,101253272,0.239476
0.016,0.022,0.41,0.32,0.02,0.027,0.021,0.21,0.27,-0.482419,-0.017724,-0.310893,0.018835,-0.288162,0.021454,-0.112817,0.024861,-0.085822,0.025385,0.089524,0.028791,0.116518,0.029316,0.291864,0.032722,0.312363,0.030141,0.481388,-0.016638,132544024,0.163131
0.008,0.013,0.62,0.6,0.05,0.028,0.042,0.24,0.2,-0.476418,-0.037468,-0.307431,0.003886,-0.290363,0.005831,-0.116405,0.003567,-0.088407,0.003203,0.085551,0.000939,0.113549,0.000575,0.287507,-0.001688,0.30743,-0.003818,0.477935,-0.038381,624273088,0.107177
0.003,0.024,0.63,0.52,0.18,0.031,0.029,0.16,0.26,-0.480078,-0.02616,-0.311323,0.001073,-0.284205,0.003693,-0.113358,0.009263,-0.082374,0.010273,0.088472,0.015844,0.119456,0.016854,0.290303,0.022425,0.312373,0.019904,0.477566,-0.024041,86926312,0.073904
0.006,0.028,0.06,0.06,0.13,0.03,0.03,0.25,0.14,-0.478044,-0.025356,-0.311656,0.01713,-0.290632,0.019388,-0.119016,0.013214,-0.089035,0.012135,0.082581,0.005961,0.112561,0.004883,0.284178,-0.001292,0.310913,-0.00365,0.48096,-0.027613,9101824,0.360828
0.005,0.019,0.19,0.12,0.01,0.043,0.044,0.18,0.24,-0.47097,-0.03944,-0.314704,-0.011004,-0.279072,-0.007437,-0.12027,-0.004331,-0.077278,-0.00349,0.081524,-0.000383,0.124515,0.000458,0.283317,0.003564,0.314377,0.000127,0.468657,-0.037628,70086664,0.196725
0.009,0.017,0.14,0.12,0.02,0.024,0.02,0.15,0.26,-0.485146,-0.017982,-0.309255,0.008601,-0.287669,0.010613,-0.109895,0.016996,-0.08591,0.017857,0.091864,0.02424,0.115848,0.025101,0.293622,0.031484,0.311352,0.029489,0.483262,-0.016243,71116600,0.277403
0.004,0.022,0.34,0.2,0.02,0.039,0.032,0.28,0.21,-0.472416,-0.025365,-0.315285,0.019819,-0.286617,0.023528,-0.123161,0.019828,-0.084171,0.018945,0.079285,0.015245,0.118275,0.014363,0.281731,0.010662,0.314351,0.006851,0.474258,-0.027232,53648016,0.157589
0.005,0.021,0.7,0.67,0.06,0.043,0.048,0.2,0.3,-0.469392,-0.042772,-0.312894,-0.011048,-0.27832,-0.007014,-0.118721,-0.001859,-0.075744,-0.000471,0.083855,0.004684,0.126833,0.006072,0.286431,0.011228,0.312725,0.007687,0.465275,-0.039502,143908048,0.075605
0.007,0.016,0.29,0.23,0.17,0.032,0.03,0.12,0.19,-0.480524,-0.027869,-0.312695,-0.007632,-0.283714,-0.005556,-0.114714,-0.001659,-0.082722,-0.000922,0.086277,0.002974,0.118269,0.003712,0.287269,0.007608,0.312619,0.005487,0.478622,-0.026438,103734824,0.110872
0.008,0.022,0.7,0.43,0.11,0.031,0.038,0.28,0.25,-0.474602,-0.032237,-0.309448,0.015254,-0.28992,0.01791,-0.118082,0.016252,-0.087083,0.015952,0.084756,0.014294,0.115754,0.013995,0.287593,0.012336,0.309076,0.009532,0.475581,-0.032984,138253664,0.029218
0.007,0.021,0.09,0.08,0.2,0.024,0.032,0.27,0.24,-0.479899,-0.02764,-0.307736,0.020008,-0.293016,0.021935,-0.114389,0.020206,-0.09039,0.019974,0.088237,0.018245,0.112236,0.018013,0.290863,0.016285,0.307222,0.014232,0.480737,-0.02823,16440545,0.464848
0.017,0.027,0.53,0.29,0.03,0.045,0.05,0.15,0.16,-0.470281,-0.046076,-0.316067,-0.022769,-0.278627,-0.019894,-0.122662,-0.01938,-0.077662,-0.019232,0.078302,-0.018718,0.123302,-0.01857,0.279266,-0.018056,0.315848,-0.020929,0.469821,-0.045777,147895552,0.016253
0.006,0.024,0.54,0.29,0.09,0.032,0.022,0.13,0.22,-0.481283,-0.01974,-0.313349,0.002215,-0.283693,0.004586,-0.114404,0.009587,-0.082418,0.010532,0.086871,0.015534,0.118858,0.016479,0.288147,0.021481,0.314303,0.018982,0.479585,-0.017978,124733112,0.019682
0.003,0.015,0.59,0.49,0.01,0.038,0.037,0.23,0.23,-0.473065,-0.031694,-0.313258,0.005724,-0.284194,0.009081,-0.120065,0.009081,-0.082065,0.009081,0.082065,0.009081,0.120065,0.009081,0.284194,0.009081,0.313258,0.005724,0.473065,-0.031694,581764736,0.079738
0.007,0.029,0.61,0.36,0.14,0.031,0.025,0.14,0.24,-0.481163,-0.022592,-0.312217,0.001216,-0.284048,0.003655,-0.113524,0.009237,-0.082541,0.010251,0.087983,0.015834,0.118966,0.016848,0.28949,0.022431,0.313277,0.019957,0.479002,-0.020599,76548904,0.043992
0.015,0.026,0.02,0.01,0.03,0.043,0.036,0.13,0.22,-0.474015,-0.032909,-0.316988,-0.01238,-0.277782,-0.009246,-0.119488,-0.004569,-0.076507,-0.003299,0.081787,0.001378,0.124769,0.002647,0.283063,0.007324,0.316616,0.004119,0.471162,-0.03044,2262798.5,0.294835
0.013,0.027,0.66,0.38,0.17,0.049,0.032,0.11,0.24,-0.472135,-0.029117,-0.320548,-0.012375,-0.273867,-0.008805,-0.121497,-0.002302,-0.072542,-0.000212,0.079828,0.006291,0.128784,0.00838,0.281154,0.014884,0.320458,0.010993,0.468596,-0.025259,123196928,0.015245
0.006,0.015,0.49,0.45,0.01,0.028,0.038,0.18,0.24,-0.479423,-0.03488,-0.308399,-0.003759,-0.286688,-0.001585,-0.112889,0.001815,-0.084894,0.002362,0.088905,0.005762,0.116899,0.00631,0.290698,0.00971,0.308519,0.007737,0.477369,-0.033583,463052160,0.111315
0.01,0.019,0.12,0.08,0.17,0.023,0.026,0.13,0.23,-0.485227,-0.02429,-0.308266,-0.001155,-0.287888,0.000508,-0.109518,0.006358,-0.08653,0.007112,0.09184,0.012962,0.114828,0.013716,0.293198,0.019567,0.309109,0.017993,0.482875,-0.022694,17251316,0.270349
0.01,0.014,0.35,0.32,0.17,0.036,0.027,0.14,0.2,-0.478408,-0.024224,-0.314806,-0.001169,-0.282221,0.001439,-0.117033,0.004695,-0.08104,0.005405,0.084147,0.008661,0.12014,0.00937,0.285327,0.012627,0.315069,0.009938,0.476995,-0.022886,192914592,0.10618
0.005,0.015,0.1,0.07,0.06,0.024,0.03,0.2,0.29,-0.482279,-0.027018,-0.307288,0.008455,-0.288619,0.010602,-0.110144,0.015797,-0.086155,0.016495,0.09232,0.02169,0.11631,0.022389,0.294785,0.027583,0.308828,0.025741,0.479923,-0.025316,72648808,0.376773
0.006,0.013,0.58,0.38,0.07,0.036,0.042,0.12,0.11,-0.477102,-0.039543,-0.313753,-0.019847,-0.28305,-0.018053,-0.118519,-0.018598,-0.082519,-0.018717,0.082011,-0.019262,0.118011,-0.019381,0.282542,-0.019926,0.313961,-0.021708,0.477498,-0.03977,1662821120,0.013689
0.007,0.028,0.76,0.52,0.16,0.032,0.028,0.22,0.22,-0.478275,-0.023833,-0.312424,0.013254,-0.28692,0.016071,-0.116973,0.016071,-0.084973,0.016071,0.084973,0.016071,0.116973,0.016071,0.28692,0.016071,0.312424,0.013254,0.478275,-0.023833,109020600,0.032882
0.002,0.017,0.07,0.04,0.09,0.048,0.033,0.15,0.2,-0.471338,-0.029043,-0.319788,-0.006138,-0.276451,-0.002524,-0.123201,-0.000009,-0.075207,0.000779,0.078043,0.003294,0.126036,0.004082,0.279286,0.006597,0.319707,0.002876,0.469922,-0.027574,21041512,0.257328
0.006,0.016,0.15,0.1,0.15,0.047,0.027,0.12,0.28,-0.473437,-0.023993,-0.319522,-0.005434,-0.274546,-0.001551,-0.119728,0.006544,-0.072792,0.008998,0.082026,0.017093,0.128962,0.019547,0.28378,0.027642,0.320962,0.023389,0.469954,-0.019454,44883504,0.241439
0.005,0.019,0.35,0.25,0.08,0.03,0.036,0.14,0.19,-0.480123,-0.033555,-0.310664,-0.009674,-0.285244,-0.007682,-0.114134,-0.004869,-0.084138,-0.004375,0.086973,-0.001562,0.116969,-0.001069,0.28808,0.001744,0.310417,-0.000199,0.478471,-0.032519,141268256,0.085615
0.011,0.016,0.28,0.24,0.1,0.027,0.046,0.16,0.24,-0.479344,-0.043262,-0.306862,-0.015427,-0.286166,-0.013495,-0.111513,-0.00893,-0.084522,-0.008225,0.090131,-0.00366,0.117122,-0.002954,0.291775,0.001611,0.306247,0.000057,0.475953,-0.041473,173397312,0.184275
0.012,0.016,0.72,0.36,0.18,0.034,0.029,0.25,0.23,-0.476354,-0.023893,-0.313261,0.017752,-0.287152,0.020947,-0.118829,0.019857,-0.08483,0.019637,0.083493,0.018547,0.117492,0.018326,0.285814,0.017236,0.312943,0.014014,0.476836,-0.024361,1219269632,0.038737
0.002,0.01,0.34,0.34,0.03,0.032,0.026,0.27,0.25,-0.477645,-0.02079,-0.313098,0.024749,-0.288781,0.027972,-0.118052,0.026873,-0.086053,0.026666,0.084676,0.025566,0.116675,0.02536,0.287403,0.02426,0.312641,0.021007,0.478065,-0.021233,498119264,0.339078
0.01,0.017,0.18,0.15,0.14,0.03,0.05,0.2,0.24,-0.475366,-0.046023,-0.30682,-0.011857,-0.286403,-0.009675,-0.114445,-0.007437,-0.084447,-0.007047,0.087511,-0.004809,0.117509,-0.004419,0.289468,-0.002181,0.306501,-0.004123,0.473545,-0.045001,89260296,0.292216
0.011,0.026,0.42,0.32,0.07,0.029,0.028,0.1,0.17,-0.482777,-0.026413,-0.311824,-0.00926,-0.285048,-0.00761,-0.113282,-0.003638,-0.08429,-0.002968,0.087476,0.001004,0.116468,0.001674,0.288234,0.005646,0.311637,0.003924,0.480972,-0.025143,57879184,0.062698
0.016,0.025,0.68,0.49,0.16,0.028,0.03,0.15,0.19,-0.481674,-0.027571,-0.310432,-0.00169,-0.28668,0.000251,-0.113508,0.002527,-0.085511,0.002895,0.087661,0.005171,0.115658,0.005539,0.28883,0.007814,0.310516,0.005892,0.480586,-0.026816,193209632,0.01944
0.004,0.01,0.66,0.52,0.09,0.033,0.023,0.19,0.18,-0.479453,-0.01947,-0.314107,0.012329,-0.285823,0.014978,-0.117448,0.014426,-0.084448,0.014318,0.083927,0.013766,0.116927,0.013658,0.285302,0.013106,0.313993,0.01047,0.479649,-0.019674,1664472960,0.042371
0.003,0.012,0.36,0.28,0.09,0.049,0.031,0.22,0.26,-0.469325,-0.024906,-0.319676,0.008558,-0.277632,0.013478,-0.124299,0.015464,-0.075303,0.016098,0.07803,0.018084,0.127026,0.018719,0.280359,0.020704,0.320162,0.015763,0.468354,-0.02366,451904832,0.201711
0.006,0.013,0.19,0.15,0.1,0.028,0.046,0.23,0.24,-0.475882,-0.041597,-0.306245,-0.001878,-0.288951,0.000148,-0.114727,0.000713,-0.086727,0.000804,0.087497,0.001369,0.115496,0.001459,0.28972,0.002024,0.306236,0.00006,0.475467,-0.041354,207026352,0.300978
0.013,0.023,0.7,0.48,0.02,0.044,0.036,0.28,0.23,-0.468908,-0.028518,-0.316425,0.015329,-0.283814,0.019657,-0.125173,0.017098,-0.081179,0.016388,0.077462,0.01383,0.121456,0.01312,0.280097,0.010562,0.315889,0.006135,0.470372,-0.030036,117762760,0.026006
0.004,0.013,0.45,0.43,0,0.049,0.034,0.16,0.25,-0.470396,-0.029662,-0.319525,-0.005315,-0.275267,-0.001112,-0.122511,0.003375,-0.073532,0.004814,0.079225,0.009301,0.128204,0.01074,0.28096,0.015227,0.319778,0.010927,0.46785,-0.026882,278453888,0.063719
0.011,0.028,0.85,0.79,0.12,0.048,0.041,0.17,0.16,-0.469409,-0.036349,-0.318522,-0.010448,-0.27794,-0.007057,-0.124846,-0.00756,-0.076847,-0.007718,0.076247,-0.008222,0.124246,-0.00838,0.27734,-0.008883,0.318636,-0.012262,0.469774,-0.036653,150224704,0.021497
0.004,0.018,0.28,0.2,0.13,0.036,0.029,0.2,0.27,-0.476597,-0.024846,-0.313609,0.008194,-0.283076,0.011607,-0.116815,0.01538,-0.080824,0.016197,0.085437,0.01997,0.121427,0.020787,0.287688,0.02456,0.314638,0.02121,0.474917,-0.023148,83544488,0.209156
0.006,0.013,0.33,0.19,0.08,0.023,0.047,0.24,0.25,-0.477658,-0.042919,-0.303381,-0.000271,-0.29173,0.001153,-0.112312,0.001733,-0.089312,0.001808,0.090107,0.002388,0.113107,0.002462,0.292525,0.003042,0.303388,0.001695,0.47723,-0.042694,649931392,0.260431
0.012,0.017,0.72,0.39,0.1,0.037,0.023,0.19,0.22,-0.477489,-0.019092,-0.315749,0.012014,-0.283201,0.015276,-0.118505,0.016888,-0.081507,0.017251,0.083189,0.018863,0.120187,0.019225,0.284884,0.020838,0.316192,0.017535,0.476927,-0.018408,973137664,0.01167
0.006,0.024,0.24,0.12,0.11,0.044,0.036,0.21,0.14,-0.470979,-0.030623,-0.317124,0.00217,-0.281945,0.005469,-0.124676,0.001855,-0.080688,0.000845,0.076581,-0.002769,0.120569,-0.00378,0.277838,-0.007394,0.317421,-0.010626,0.473192,-0.032578,15742519,0.148284
0.006,0.019,0.86,0.78,0.16,0.047,0.044,0.11,0.29,-0.471812,-0.041154,-0.317608,-0.024123,-0.273037,-0.020353,-0.118163,-0.011243,-0.071244,-0.008483,0.08363,0.000628,0.130549,0.003388,0.285423,0.012499,0.316236,0.00892,0.464899,-0.035443,691870464,0.030346
0.007,0.019,0.1,0.09,0.15,0.036,0.044,0.12,0.16,-0.476862,-0.041529,-0.313235,-0.021799,-0.282052,-0.019719,-0.117255,-0.017543,-0.081258,-0.017068,0.08354,-0.014892,0.119537,-0.014417,0.284335,-0.012241,0.312513,-0.014313,0.47522,-0.04057,15157193,0.221357
0.009,0.019,0.02,0.02,0.05,0.024,0.045,0.11,0.18,-0.483133,-0.043411,-0.307278,-0.023988,-0.287255,-0.022654,-0.110377,-0.01857,-0.086384,-0.018016,0.090493,-0.013932,0.114487,-0.013378,0.291364,-0.009294,0.306072,-0.01045,0.480138,-0.042125,10606082,0.267002
0.004,0.022,0.47,0.27,0.09,0.048,0.045,0.23,0.12,-0.466373,-0.038344,-0.316984,-0.003365,-0.281515,0.000085,-0.128185,-0.005452,-0.080217,-0.007185,0.073113,-0.012722,0.121082,-0.014454,0.274411,-0.019991,0.31846,-0.023436,0.470786,-0.041803,63367528,0.029228
0.011,0.022,0.35,0.35,0.17,0.023,0.036,0.16,0.17,-0.482911,-0.033708,-0.307092,-0.005334,-0.289856,-0.003924,-0.111763,-0.003338,-0.088763,-0.003263,0.08933,-0.002677,0.11233,-0.002602,0.290423,-0.002016,0.307048,-0.003405,0.482575,-0.033535,38881432,0.166012
0.012,0.017,0.65,0.63,0.02,0.027,0.026,0.26,0.23,-0.48027,-0.021656,-0.310733,0.023445,-0.291124,0.025912,-0.1157,0.02421,-0.088701,0.023948,0.086723,0.022246,0.113722,0.021984,0.289147,0.020282,0.310115,0.017757,0.480928,-0.022238,586464384,0.130406
0.012,0.028,0.51,0.34,0.04,0.035,0.048,0.18,0.19,-0.474189,-0.044091,-0.310501,-0.014305,-0.28422,-0.01189,-0.117845,-0.011345,-0.082845,-0.01123,0.08353,-0.010685,0.11853,-0.010571,0.284905,-0.010025,0.310368,-0.01241,0.47375,-0.043831,55739332,0.062289
0.01,0.017,0.81,0.56,0.13,0.043,0.04,0.17,0.28,-0.472043,-0.035786,-0.315102,-0.008846,-0.277764,-0.004992,-0.11863,0.000697,-0.075658,0.002233,0.083476,0.007922,0.126449,0.009458,0.285583,0.015146,0.315249,0.011505,0.468283,-0.032501,787250432,0.026728
0.016,0.023,0.64,0.46,0.04,0.023,0.04,0.16,0.23,-0.482274,-0.037657,-0.305947,-0.009201,-0.288554,-0.007606,-0.109992,-0.003519,-0.086998,-0.002992,0.091563,0.001095,0.114557,0.001622,0.293119,0.005709,0.305779,0.004394,0.479684,-0.036325,263764304,0.026361
0.007,0.026,0.43,0.34,0.06,0.035,0.034,0.13,0.17,-0.47824,-0.031445,-0.313711,-0.009934,-0.28282,-0.007719,-0.116905,-0.005532,-0.081909,-0.00507,0.084006,-0.002883,0.119003,-0.002422,0.284917,-0.000234,0.313463,-0.002477,0.477,-0.030549,58764892,0.074213
0.002,0.013,0.31,0.31,0.02,0.043,0.024,0.17,0.27,-0.47475,-0.020017,-0.317932,0.006902,-0.278533,0.010905,-0.119506,0.016079,-0.076529,0.017477,0.082498,0.022651,0.125476,0.024049,0.284503,0.029223,0.319531,0.025044,0.472877,-0.017396,172272288,0.170203
0.004,0.018,0.33,0.26,0.2,0.024,0.023,0.15,0.12,-0.484698,-0.020948,-0.309937,0.005464,-0.289737,0.006881,-0.113,0.00513,-0.089002,0.004892,0.087735,0.003141,0.111734,0.002903,0.288471,0.001152,0.309858,-0.000239,0.485333,-0.021398,129419584,0.102398
0.004,0.014,0.36,0.29,0.07,0.043,0.041,0.17,0.17,-0.471873,-0.036772,-0.315993,-0.010014,-0.28024,-0.006967,-0.12208,-0.006967,-0.07908,-0.006967,0.07908,-0.006967,0.12208,-0.006967,0.28024,-0.006967,0.315993,-0.010014,0.471873,-0.036772,302400384,0.110075
0.003,0.014,0.42,0.37,0.06,0.04,0.037,0.14,0.25,-0.475033,-0.033847,-0.314888,-0.011279,-0.278929,-0.008107,-0.117306,-0.002293,-0.077332,-0.000855,0.08429,0.00496,0.124265,0.006398,0.285887,0.012213,0.314768,0.00911,0.471468,-0.030902,357921760,0.104627
0.009,0.012,0.37,0.31,0.17,0.039,0.035,0.28,0.23,-0.471587,-0.028248,-0.314299,0.016981,-0.286298,0.020697,-0.122657,0.018058,-0.083662,0.017429,0.079978,0.014789,0.118973,0.014161,0.282613,0.011521,0.313682,0.007678,0.473034,-0.029633,561099392,0.295495
0.021,0.029,0.74,0.66,0.03,0.034,0.038,0.18,0.18,-0.476472,-0.034343,-0.311874,-0.004391,-0.284951,-0.001961,-0.11765,-0.001961,-0.08365,-0.001961,0.08365,-0.001961,0.11765,-0.001961,0.284951,-0.001961,0.311874,-0.004391,0.476472,-0.034343,123428424,0.041996
0.009,0.014,0.39,0.38,0.05,0.022,0.049,0.13,0.15,-0.482741,-0.047161,-0.305457,-0.023983,-0.289579,-0.022897,-0.11079,-0.021716,-0.088791,-0.021571,0.089998,-0.020391,0.111997,-0.020246,0.290786,-0.019066,0.305016,-0.020088,0.481801,-0.046806,459180128,0.090049
0.01,0.017,0.22,0.16,0.1,0.034,0.035,0.16,0.18,-0.477641,-0.031845,-0.31261,-0.005212,-0.284173,-0.002838,-0.11701,-0.00174,-0.083011,-0.001516,0.084152,-0.000418,0.118151,-0.000195,0.285314,0.000904,0.312543,-0.001463,0.477009,-0.031391,101982672,0.158231
0.01,0.024,0.45,0.29,0.18,0.03,0.028,0.22,0.2,-0.479251,-0.024052,-0.311612,0.013436,-0.288267,0.015937,-0.116491,0.014817,-0.086491,0.014621,0.085285,0.013501,0.115284,0.013306,0.28706,0.012186,0.311381,0.009666,0.479736,-0.024462,49784164,0.10959
0.008,0.024,0.04,0.04,0.16,0.029,0.039,0.29,0.21,-0.474953,-0.033225,-0.30858,0.016423,-0.29235,0.018579,-0.118785,0.014094,-0.089795,0.013345,0.08377,0.00886,0.112761,0.008111,0.286326,0.003626,0.30788,0.001073,0.477689,-0.035121,17962182,0.469838
0.013,0.023,0,0,0.11,0.026,0.026,0.14,0.14,-0.483499,-0.023932,-0.310423,0.000459,-0.288179,0.002018,-0.113393,0.002018,-0.087393,0.002018,0.087393,0.002018,0.113393,0.002018,0.288179,0.002018,0.310423,0.000459,0.483499,-0.023932,50132696,0.270642
0.007,0.018,0.06,0.05,0.11,0.044,0.048,0.28,0.11,-0.465592,-0.040051,-0.313741,0.003615,-0.286562,0.006678,-0.128801,-0.002096,-0.084869,-0.004539,0.072892,-0.013312,0.116824,-0.015755,0.274585,-0.024529,0.315814,-0.027949,0.472864,-0.045295,97281192,0.363322
0.01,0.015,0.27,0.27,0.14,0.026,0.03,0.21,0.13,-0.481032,-0.026631,-0.309617,0.009905,-0.290949,0.011625,-0.115744,0.007019,-0.089753,0.006336,0.085453,0.001731,0.111444,0.001048,0.286649,-0.003557,0.309434,-0.005341,0.483221,-0.028062,257008016,0.241019
0.018,0.027,0.22,0.19,0.1,0.021,0.036,0.12,0.23,-0.485266,-0.034484,-0.306134,-0.012885,-0.288227,-0.011484,-0.107915,-0.004973,-0.086929,-0.004215,0.093383,0.002297,0.114369,0.003054,0.294681,0.009566,0.305891,0.008476,0.481569,-0.032658,30297822,0.229271
0.011,0.02,0.45,0.37,0.01,0.03,0.037,0.19,0.13,-0.478282,-0.033501,-0.310274,-0.00119,-0.288265,0.000688,-0.117212,-0.002689,-0.087218,-0.003282,0.083835,-0.006659,0.113829,-0.007251,0.284883,-0.010629,0.310687,-0.012565,0.48033,-0.034743,163967968,0.055154
0.009,0.014,0.25,0.19,0.16,0.033,0.032,0.24,0.25,-0.476366,-0.027161,-0.311803,0.013111,-0.286779,0.016169,-0.11736,0.016717,-0.08436,0.016824,0.085058,0.017372,0.118058,0.017478,0.287477,0.018026,0.311943,0.014992,0.476096,-0.026923,278312192,0.306803
0.007,0.024,0.02,0.01,0.05,0.048,0.021,0.21,0.29,-0.47215,-0.015536,-0.320924,0.016697,-0.277294,0.021866,-0.122723,0.02586,-0.074739,0.0271,0.079833,0.031094,0.127817,0.032334,0.282388,0.036328,0.322831,0.030955,0.470997,-0.01326,1901037.625,0.427407
0.003,0.029,0.23,0.14,0.08,0.025,0.039,0.27,0.28,-0.47755,-0.034253,-0.305948,0.01324,-0.291678,0.015201,-0.113625,0.015772,-0.088625,0.015852,0.089427,0.016424,0.114427,0.016504,0.29248,0.017075,0.30609,0.015179,0.477209,-0.034027,31985328,0.361331
0.004,0.021,0.14,0.1,0.13,0.04,0.02,0.13,0.22,-0.477576,-0.017239,-0.317574,0.00368,-0.279754,0.006703,-0.118461,0.011468,-0.078479,0.01265,0.082814,0.017415,0.122797,0.018596,0.28409,0.023362,0.318644,0.020061,0.476117,-0.015153,18801310,0.236992
0.016,0.03,0.09,0.07,0.01,0.031,0.044,0.12,0.28,-0.479344,-0.041828,-0.309545,-0.021354,-0.281647,-0.018945,-0.110851,-0.010015,-0.079893,-0.008396,0.090903,0.000534,0.121861,0.002152,0.292657,0.011083,0.308575,0.009262,0.472944,-0.038003,11621993,0.310339
0.003,0.019,0.05,0.03,0.01,0.026,0.021,0.22,0.12,-0.482731,-0.017657,-0.311631,0.020604,-0.291224,0.02252,-0.115993,0.016762,-0.090007,0.015908,0.085223,0.010151,0.111209,0.009297,0.28644,0.003539,0.310515,0.001696,0.48458,-0.019293,33647452,0.284577
0.007,0.021,0.41,0.23,0.02,0.032,0.026,0.2,0.27,-0.479154,-0.022303,-0.312245,0.011531,-0.285143,0.014561,-0.114883,0.018425,-0.082892,0.019151,0.087368,0.023015,0.11936,0.023741,0.28962,0.027604,0.313511,0.024635,0.477645,-0.02079,120042920,0.092161
0.005,0.017,0.19,0.14,0,0.039,0.049,0.2,0.22,-0.471154,-0.044149,-0.311619,-0.01181,-0.282423,-0.008784,-0.119647,-0.007723,-0.080648,-0.007469,0.082128,-0.006407,0.121127,-0.006153,0.283904,-0.005092,0.31142,-0.00804,0.470277,-0.043563,101041192,0.206371
0.009,0.014,0.23,0.19,0.06,0.044,0.044,0.21,0.12,-0.469311,-0.038447,-0.315539,-0.005672,-0.282506,-0.002684,-0.125348,-0.007335,-0.081367,-0.008637,0.07579,-0.013288,0.119771,-0.01459,0.276929,-0.019241,0.316795,-0.022228,0.472891,-0.04105,408086624,0.233347
0.015,0.021,0.49,0.37,0.07,0.042,0.034,0.23,0.22,-0.471802,-0.028317,-0.315978,0.008168,-0.282392,0.011992,-0.122355,0.011472,-0.080355,0.011336,0.079683,0.010816,0.121683,0.010679,0.281721,0.010159,0.315905,0.006327,0.472086,-0.028598,192934224,0.093233
0.013,0.027,0.68,0.37,0.03,0.046,0.021,0.21,0.24,-0.473128,-0.015744,-0.320504,0.016786,-0.279184,0.021345,-0.123139,0.022866,-0.077141,0.023314,0.078903,0.024836,0.124901,0.025284,0.280945,0.026805,0.321088,0.022163,0.472667,-0.014931,92289320,0.015665
0.002,0.015,0.2,0.18,0.12,0.047,0.04,0.13,0.24,-0.471513,-0.036616,-0.318243,-0.016578,-0.275201,-0.012997,-0.120727,-0.007428,-0.073758,-0.005735,0.080716,-0.000167,0.127686,0.001526,0.28216,0.007094,0.317522,0.003475,0.467665,-0.033268,63056680,0.198056
0.009,0.019,0.54,0.46,0.06,0.038,0.048,0.24,0.14,-0.470135,-0.042108,-0.311209,-0.003216,-0.286744,-0.000672,-0.123217,-0.006025,-0.085237,-0.007268,0.07829,-0.012622,0.11627,-0.013865,0.279797,-0.019219,0.312474,-0.022048,0.474488,-0.044879,218041568,0.059247
0.007,0.012,0.86,0.56,0.02,0.038,0.04,0.18,0.17,-0.474146,-0.035952,-0.313552,-0.006729,-0.283152,-0.004036,-0.119921,-0.004572,-0.081922,-0.004696,0.081309,-0.005232,0.119308,-0.005357,0.282539,-0.005893,0.313629,-0.008593,0.474507,-0.036209,2723942912,0.010184
0.009,0.02,0.56,0.35,0.1,0.041,0.048,0.28,0.2,-0.467033,-0.040465,-0.311895,0.004145,-0.286209,0.007426,-0.124839,0.003246,-0.083852,0.002184,0.077518,-0.001996,0.118504,-0.003057,0.279875,-0.007238,0.312166,-0.0109,0.470372,-0.04297,187787120,0.045859
0.011,0.023,0.61,0.48,0.01,0.039,0.046,0.25,0.26,-0.469726,-0.039746,-0.31119,0.000735,-0.284028,0.004193,-0.120407,0.004721,-0.081407,0.004846,0.082215,0.005374,0.121215,0.0055,0.284836,0.006028,0.311207,0.002623,0.46933,-0.039441,114467504,0.07179
0.004,0.011,0.21,0.11,0.03,0.035,0.048,0.21,0.15,-0.472878,-0.043297,-0.310173,-0.008618,-0.286511,-0.006359,-0.120183,-0.009632,-0.08519,-0.010321,0.081138,-0.013594,0.116132,-0.014283,0.28246,-0.017556,0.311031,-0.019985,0.475523,-0.044846,336718848,0.13065
0.013,0.019,0.64,0.5,0.11,0.035,0.026,0.13,0.17,-0.479277,-0.023512,-0.314748,-0.002002,-0.282925,0.00028,-0.117011,0.002468,-0.082014,0.002929,0.0839,0.005116,0.118897,0.005578,0.284812,0.007765,0.314817,0.005408,0.478354,-0.022665,673084544,0.013271
0.003,0.026,0.11,0.08,0.13,0.025,0.028,0.23,0.17,-0.481446,-0.024413,-0.309431,0.015863,-0.291695,0.017736,-0.115062,0.014274,-0.090067,0.013784,0.086566,0.010321,0.111561,0.009831,0.288194,0.006369,0.308823,0.004407,0.482943,-0.025482,16970512,0.331055
0.014,0.02,0.37,0.36,0.14,0.039,0.039,0.27,0.18,-0.470804,-0.032386,-0.313545,0.011137,-0.286803,0.014372,-0.123703,0.009602,-0.084719,0.008461,0.078381,0.003691,0.117364,0.002551,0.280465,-0.002219,0.313299,-0.005667,0.473833,-0.034879,150006928,0.228182
0.007,0.01,0.29,0.25,0.09,0.047,0.033,0.24,0.17,-0.469329,-0.026468,-0.318995,0.010321,-0.281273,0.014433,-0.126544,0.010898,-0.079556,0.009825,0.075174,0.00629,0.122162,0.005216,0.276891,0.001681,0.318717,-0.002364,0.471256,-0.028549,631745344,0.274229
0.003,0.027,0.63,0.41,0.14,0.023,0.028,0.29,0.28,-0.480974,-0.023542,-0.30822,0.02801,-0.293796,0.030092,-0.113516,0.029515,-0.090516,0.029442,0.089765,0.028865,0.112765,0.028792,0.293046,0.028215,0.307949,0.02609,0.48121,-0.023731,95929344,0.131708
0.016,0.026,0.01,0.01,0.06,0.039,0.022,0.22,0.22,-0.476169,-0.017214,-0.317149,0.018346,-0.28342,0.022071,-0.120473,0.022071,-0.081473,0.022071,0.081473,0.022071,0.120473,0.022071,0.28342,0.022071,0.317149,0.018346,0.476169,-0.017214,6292694,0.395246
0.005,0.02,0.6,0.57,0.12,0.033,0.02,0.19,0.27,-0.48002,-0.016524,-0.313831,0.015437,-0.284392,0.018629,-0.115215,0.023022,-0.082226,0.023878,0.086951,0.028271,0.11994,0.029128,0.289117,0.033521,0.31566,0.030266,0.478763,-0.014874,129964232,0.102746
0.007,0.021,0.45,0.33,0.19,0.033,0.025,0.22,0.27,-0.478442,-0.020797,-0.313068,0.016184,-0.285519,0.019453,-0.116082,0.022192,-0.083087,0.022726,0.08635,0.025465,0.119346,0.025999,0.288782,0.028739,0.31411,0.025507,0.477429,-0.019693,85726952,0.151065
0.009,0.017,0.01,0.01,0.15,0.048,0.043,0.24,0.17,-0.466467,-0.036063,-0.317104,0.000489,-0.281002,0.004424,-0.127272,0.000912,-0.079284,-0.000184,0.074445,-0.003696,0.122433,-0.004793,0.276163,-0.008305,0.317518,-0.012305,0.469071,-0.03832,137796144,0.346905
0.02,0.028,0.11,0.11,0.01,0.026,0.032,0.16,0.15,-0.482068,-0.02952,-0.309337,-0.001645,-0.288707,-0.000025,-0.113743,-0.000601,-0.087743,-0.000687,0.087222,-0.001263,0.113222,-0.001349,0.288186,-0.001925,0.309363,-0.003551,0.482364,-0.029698,19665662,0.246118
0.011,0.024,0.14,0.13,0.16,0.045,0.03,0.13,0.16,-0.473801,-0.02683,-0.319258,-0.006626,-0.278041,-0.003738,-0.122191,-0.002196,-0.077193,-0.00175,0.078657,-0.000208,0.123655,0.000237,0.279505,0.001779,0.319141,-0.001201,0.473008,-0.026032,8380121,0.218058
0.003,0.018,0.12,0.07,0.05,0.031,0.04,0.24,0.17,-0.475436,-0.035169,-0.309561,0.005423,-0.289431,0.007618,-0.118705,0.003717,-0.087714,0.003009,0.083012,-0.000891,0.114004,-0.001599,0.284729,-0.0055,0.309648,-0.00791,0.477956,-0.036801,65622264,0.277068
0.002,0.011,0.65,0.45,0.07,0.048,0.039,0.17,0.23,-0.469748,-0.034377,-0.318296,-0.00838,-0.276481,-0.004404,-0.122843,-0.001392,-0.074853,-0.000451,0.078785,0.00256,0.126776,0.003501,0.280413,0.006513,0.318121,0.002531,0.467741,-0.032502,1183198080,0.032366
0.011,0.021,0.08,0.05,0.07,0.021,0.024,0.1,0.11,-0.487156,-0.022832,-0.30861,-0.004917,-0.289979,-0.003954,-0.110536,-0.003359,-0.089537,-0.00329,0.089906,-0.002695,0.110906,-0.002625,0.290348,-0.00203,0.30857,-0.003003,0.486929,-0.022702,21712818,0.172582
0.012,0.021,0.46,0.44,0.04,0.047,0.025,0.15,0.23,-0.473028,-0.021207,-0.320208,0.001889,-0.276561,0.005744,-0.122059,0.00979,-0.075075,0.011021,0.079428,0.015067,0.126412,0.016297,0.280915,0.020343,0.320934,0.016251,0.471419,-0.018984,90963832,0.095883
0.004,0.018,0.44,0.36,0.08,0.03,0.032,0.25,0.13,-0.477549,-0.027294,-0.311199,0.015182,-0.29085,0.017334,-0.119295,0.010594,-0.089318,0.009417,0.082237,0.002677,0.112214,0.001499,0.28377,-0.005241,0.310739,-0.007529,0.480978,-0.029785,280644416,0.122474
0.003,0.021,0.31,0.28,0.09,0.041,0.047,0.13,0.14,-0.47358,-0.043946,-0.315196,-0.023239,-0.280306,-0.02091,-0.120575,-0.020383,-0.079575,-0.020247,0.080156,-0.01972,0.121156,-0.019584,0.280887,-0.019057,0.314973,-0.02139,0.473142,-0.04368,43829376,0.103106
0.006,0.011,0.53,0.3,0.07,0.025,0.026,0.23,0.29,-0.481902,-0.022466,-0.308799,0.018065,-0.289556,0.020477,-0.111805,0.023912,-0.086809,0.024395,0.090942,0.027831,0.115937,0.028314,0.293688,0.03175,0.310227,0.029498,0.480587,-0.02134,1245368960,0.179123
0.009,0.026,0.42,0.3,0.06,0.049,0.039,0.17,0.27,-0.469255,-0.034293,-0.318351,-0.008389,-0.275047,-0.003989,-0.122017,0.00099,-0.073043,0.002583,0.079988,0.007561,0.128962,0.009155,0.281992,0.014133,0.318421,0.009787,0.465985,-0.031052,36157716,0.123249
0.005,0.024,0.36,0.3,0.11,0.043,0.042,0.2,0.17,-0.470584,-0.036891,-0.315352,-0.005424,-0.281539,-0.002199,-0.123157,-0.003756,-0.080159,-0.004179,0.078222,-0.005736,0.12122,-0.006158,0.279602,-0.007715,0.315598,-0.01096,0.471704,-0.037757,28896854,0.141483
0.009,0.013,0.17,0.15,0.13,0.05,0.039,0.13,0.16,-0.470155,-0.03543,-0.32057,-0.015874,-0.275452,-0.012713,-0.124602,-0.01122,-0.074604,-0.010725,0.076247,-0.009233,0.126244,-0.008738,0.277095,-0.007245,0.320175,-0.010484,0.469106,-0.034519,103004920,0.160325
0.01,0.02,0.34,0.18,0.17,0.047,0.034,0.11,0.17,-0.47291,-0.031215,-0.319994,-0.014326,-0.2762,-0.01148,-0.122385,-0.008433,-0.075394,-0.007503,0.078422,-0.004456,0.125412,-0.003526,0.279228,-0.000479,0.319459,-0.003506,0.471087,-0.029534,87142200,0.045014
0.008,0.021,0.27,0.17,0.05,0.034,0.047,0.19,0.3,-0.47443,-0.042944,-0.308848,-0.011099,-0.28237,-0.0081,-0.113861,-0.002105,-0.079882,-0.000896,0.088627,0.005099,0.122606,0.006307,0.291115,0.012302,0.308785,0.009952,0.46987,-0.039877,81041952,0.211313
0.006,0.015,0.53,0.34,0.14,0.024,0.026,0.24,0.2,-0.482164,-0.022402,-0.309291,0.019902,-0.292155,0.021856,-0.114197,0.01954,-0.090199,0.019228,0.087759,0.016912,0.111757,0.0166,0.289715,0.014284,0.308648,0.01226,0.483074,-0.023098,680815616,0.098328
0.011,0.029,0.05,0.05,0.14,0.033,0.036,0.19,0.15,-0.476998,-0.032236,-0.311838,-0.000472,-0.286409,0.001782,-0.118237,-0.000428,-0.08524,-0.000862,0.082932,-0.003072,0.115929,-0.003505,0.284101,-0.005715,0.312008,-0.007997,0.478305,-0.03313,6324173.5,0.308598
0.008,0.014,0.79,0.49,0.12,0.029,0.029,0.25,0.23,-0.478776,-0.024511,-0.310838,0.01837,-0.289652,0.020963,-0.116329,0.019841,-0.08733,0.019653,0.085993,0.01853,0.114992,0.018343,0.288314,0.01722,0.310509,0.014584,0.47927,-0.024931,1313997312,0.041225
0.01,0.024,0.24,0.2,0.12,0.027,0.041,0.19,0.24,-0.479,-0.037713,-0.307247,-0.004681,-0.287567,-0.002644,-0.112691,0.000203,-0.085694,0.000643,0.089183,0.003491,0.116179,0.00393,0.291056,0.006778,0.307254,0.004958,0.477141,-0.036616,39967328,0.266008
0.01,0.026,0.69,0.6,0.06,0.046,0.038,0.21,0.29,-0.469584,-0.032371,-0.316402,0.000279,-0.277855,0.004846,-0.121284,0.008891,-0.075299,0.010079,0.081272,0.014125,0.127256,0.015313,0.283827,0.019359,0.317011,0.01495,0.467094,-0.029836,95791752,0.085233
0.015,0.025,0.02,0.02,0.11,0.026,0.03,0.25,0.23,-0.479982,-0.025851,-0.309137,0.017773,-0.291158,0.019973,-0.114836,0.018831,-0.088836,0.018663,0.087486,0.017521,0.113485,0.017352,0.289808,0.016211,0.30882,0.013952,0.480503,-0.026246,17084620,0.454534
0.011,0.019,0.44,0.39,0.09,0.031,0.05,0.23,0.11,-0.473509,-0.04515,-0.307599,-0.006303,-0.290388,-0.004658,-0.120122,-0.011371,-0.089146,-0.012593,0.08112,-0.019306,0.112096,-0.020528,0.282361,-0.027241,0.309737,-0.02929,0.479105,-0.047996,270138080,0.111506
0.004,0.027,0,0,0.05,0.024,0.022,0.24,0.14,-0.483114,-0.018517,-0.31059,0.023703,-0.29289,0.025544,-0.11537,0.019732,-0.091383,0.018947,0.086137,0.013135,0.110124,0.01235,0.287644,0.006538,0.30917,0.004675,0.485047,-0.02011,8233491.5,0.359301
0.013,0.029,0.05,0.04,0.1,0.024,0.031,0.3,0.26,-0.479375,-0.026069,-0.308187,0.026885,-0.294283,0.028896,-0.115106,0.0266,-0.091108,0.026292,0.088068,0.023996,0.112066,0.023689,0.291242,0.021393,0.307266,0.019193,0.480434,-0.026873,3062519,0.52543
0.002,0.013,0.23,0.23,0.11,0.036,0.039,0.25,0.18,-0.472911,-0.033334,-0.31213,0.00772,-0.287232,0.010561,-0.121335,0.006779,-0.085345,0.005958,0.080552,0.002176,0.116542,0.001356,0.282439,-0.002426,0.31205,-0.005439,0.475309,-0.035147,207679696,0.317073
0.014,0.023,0.69,0.4,0.06,0.038,0.032,0.23,0.25,-0.474205,-0.026826,-0.314206,0.010637,-0.283795,0.01425,-0.119472,0.015314,-0.081473,0.01556,0.082849,0.016624,0.120849,0.01687,0.285171,0.017934,0.314456,0.01435,0.473674,-0.026305,167514080,0.015272
0.009,0.027,0.26,0.24,0.09,0.024,0.027,0.16,0.22,-0.483852,-0.024743,-0.30861,0.003537,-0.288536,0.005345,-0.111061,0.008831,-0.087066,0.009302,0.090409,0.012788,0.114405,0.013259,0.29188,0.016745,0.309166,0.015007,0.482397,-0.02373,25779026,0.238581
0.019,0.026,0.7,0.6,0.12,0.037,0.037,0.25,0.22,-0.472921,-0.031273,-0.31282,0.009608,-0.28591,0.012856,-0.120679,0.011249,-0.083681,0.01089,0.081549,0.009283,0.118547,0.008923,0.283777,0.007316,0.312616,0.003989,0.473871,-0.032071,112801208,0.08353
0.005,0.013,0.51,0.48,0.07,0.025,0.048,0.19,0.26,-0.47866,-0.044775,-0.30473,-0.011325,-0.287932,-0.009532,-0.11086,-0.005504,-0.085866,-0.004935,0.091205,-0.000908,0.116199,-0.000339,0.29327,0.003689,0.304416,0.00236,0.47558,-0.043173,554855296,0.132299
0.003,0.013,0.59,0.35,0.02,0.024,0.032,0.19,0.24,-0.482172,-0.029158,-0.307474,0.00444,-0.289214,0.00633,-0.111337,0.009227,-0.087341,0.009617,0.090536,0.012514,0.114533,0.012905,0.292409,0.015801,0.307936,0.014057,0.480737,-0.02823,1024217024,0.063732
0.003,0.012,0.18,0.16,0.15,0.045,0.035,0.25,0.28,-0.46954,-0.028345,-0.316601,0.010707,-0.280622,0.015404,-0.122783,0.016927,-0.077785,0.017361,0.080054,0.018885,0.125052,0.019319,0.282892,0.020842,0.317004,0.016203,0.468704,-0.027419,114467800,0.346182
0.007,0.02,0.53,0.39,0.03,0.036,0.043,0.23,0.2,-0.472671,-0.037764,-0.311165,0.000051,-0.285863,0.002849,-0.119997,0.001228,-0.083999,0.000877,0.081867,-0.000744,0.117865,-0.001095,0.283731,-0.002716,0.311249,-0.005613,0.473816,-0.038567,212442800,0.054907
0.006,0.02,0.04,0.03,0.06,0.042,0.049,0.3,0.27,-0.465457,-0.040606,-0.311367,0.00706,-0.285256,0.010878,-0.123969,0.009331,-0.081971,0.008928,0.079316,0.00738,0.121314,0.006977,0.282601,0.005429,0.31124,0.001399,0.466691,-0.041623,12770615,0.483314
0.016,0.023,0.1,0.1,0.06,0.042,0.021,0.22,0.14,-0.474923,-0.015911,-0.319359,0.018876,-0.283006,0.022409,-0.123654,0.018228,-0.081669,0.017127,0.077683,0.012946,0.119669,0.011844,0.27902,0.007663,0.318428,0.00438,0.476275,-0.017864,27738822,0.290485
0.019,0.027,0.26,0.17,0.01,0.021,0.042,0.26,0.3,-0.479056,-0.037889,-0.302988,0.008949,-0.292601,0.010374,-0.110425,0.012709,-0.089427,0.012978,0.092749,0.015312,0.113747,0.015581,0.295923,0.017916,0.303504,0.01682,0.477557,-0.037021,48319652,0.326667
0.016,0.025,0.04,0.03,0.14,0.046,0.046,0.11,0.15,-0.472089,-0.043197,-0.31832,-0.026214,-0.276903,-0.023659,-0.122213,-0.021614,-0.076217,-0.021006,0.078474,-0.018961,0.12447,-0.018352,0.27916,-0.016307,0.317417,-0.018928,0.470384,-0.042046,17766038,0.230191
0.007,0.027,0.16,0.12,0.06,0.043,0.043,0.3,0.11,-0.466753,-0.034726,-0.314583,0.012346,-0.287954,0.01553,-0.128975,0.005669,-0.086058,0.003006,0.072921,-0.006856,0.115838,-0.009518,0.274817,-0.01938,0.315588,-0.022894,0.473909,-0.04038,32323486,0.283508
0.007,0.016,0.11,0.07,0.03,0.029,0.04,0.29,0.2,-0.474667,-0.034183,-0.308364,0.015444,-0.292577,0.017515,-0.1191,0.012466,-0.090112,0.011622,0.083365,0.006572,0.112352,0.005729,0.285829,0.000679,0.307751,-0.001843,0.477842,-0.036322,116962328,0.361347
0.01,0.024,0.29,0.15,0,0.036,0.028,0.14,0.26,-0.478269,-0.025214,-0.314047,-0.002072,-0.281047,0.000893,-0.115329,0.00739,-0.079357,0.008801,0.08636,0.015299,0.122333,0.016709,0.28805,0.023207,0.315136,0.020204,0.475407,-0.022431,55914444,0.129907
0.012,0.02,0.28,0.27,0.16,0.041,0.036,0.16,0.16,-0.474026,-0.032274,-0.316043,-0.006779,-0.281041,-0.003973,-0.121014,-0.003973,-0.080014,-0.003973,0.080014,-0.003973,0.121014,-0.003973,0.281041,-0.003973,0.316043,-0.006779,0.474026,-0.032274,54072628,0.168611
0.013,0.02,0.59,0.37,0.17,0.036,0.038,0.14,0.14,-0.476873,-0.035116,-0.3137,-0.012122,-0.283179,-0.009982,-0.118393,-0.009982,-0.082393,-0.009982,0.082393,-0.009982,0.118393,-0.009982,0.283179,-0.009982,0.3137,-0.012122,0.476873,-0.035116,590985024,0.008175
0.01,0.016,0.2,0.2,0.18,0.05,0.03,0.18,0.22,-0.470033,-0.02504,-0.320849,0.002107,-0.276234,0.006428,-0.124613,0.008409,-0.074617,0.009062,0.077004,0.011044,0.126999,0.011697,0.27862,0.013678,0.321077,0.00927,0.469056,-0.023821,41612296,0.250642
0.002,0.016,0.08,0.07,0.16,0.026,0.03,0.15,0.18,-0.482663,-0.02772,-0.309522,-0.001553,-0.287856,0.000183,-0.112757,0.00191,-0.086758,0.002166,0.088341,0.003894,0.11434,0.00415,0.289438,0.005877,0.309561,0.004161,0.481839,-0.027188,26711502,0.273013
0.006,0.03,0.89,0.84,0.2,0.035,0.029,0.2,0.26,-0.477087,-0.024945,-0.313232,0.00827,-0.283781,0.011515,-0.116624,0.01477,-0.081631,0.015452,0.085526,0.018707,0.120519,0.019388,0.287675,0.022643,0.314064,0.019454,0.475633,-0.023526,151959536,0.088164
0.007,0.017,0.4,0.31,0,0.032,0.041,0.24,0.17,-0.474713,-0.036022,-0.309809,0.004333,-0.288954,0.006606,-0.119228,0.002729,-0.087237,0.001998,0.082489,-0.00188,0.114481,-0.00261,0.284206,-0.006488,0.309972,-0.00898,0.477294,-0.037702,365597184,0.127479
0.006,0.022,0.75,0.61,0.15,0.047,0.028,0.27,0.16,-0.469883,-0.020717,-0.320443,0.020641,-0.28278,0.025072,-0.127821,0.01952,-0.080852,0.017837,0.074107,0.012285,0.121077,0.010603,0.276035,0.005051,0.319262,0.000805,0.472339,-0.023898,114881272,0.024623
0.014,0.02,0.47,0.25,0.2,0.033,0.022,0.11,0.17,-0.481185,-0.020056,-0.314354,-0.00163,-0.283436,0.00038,-0.115623,0.003703,-0.08263,0.004357,0.085183,0.00768,0.118176,0.008334,0.285989,0.011657,0.31459,0.009505,0.480016,-0.018891,368369216,0.020512
0.006,0.02,0.4,0.33,0.09,0.023,0.045,0.12,0.27,-0.483196,-0.0433,-0.305583,-0.021883,-0.285862,-0.020213,-0.107178,-0.011445,-0.084205,-0.010318,0.094479,-0.001551,0.117451,-0.000424,0.296135,0.008343,0.304496,0.007416,0.476914,-0.040302,118248848,0.121149
0.004,0.024,0.88,0.46,0.18,0.03,0.035,0.2,0.16,-0.478346,-0.031322,-0.310433,0.002715,-0.288146,0.004804,-0.116834,0.002557,-0.086836,0.002163,0.084476,-0.000084,0.114474,-0.000478,0.285786,-0.002725,0.310476,-0.004868,0.479615,-0.032163,665536000,0.006664
0.011,0.029,0.63,0.56,0.04,0.036,0.029,0.16,0.16,-0.47761,-0.025762,-0.31469,0.00053,-0.283541,0.003027,-0.118514,0.003027,-0.082514,0.003027,0.082514,0.003027,0.118514,0.003027,0.283541,0.003027,0.31469,0.00053,0.47761,-0.025762,81241312,0.052345
0.01,0.025,0.07,0.06,0.12,0.041,0.043,0.14,0.29,-0.4737,-0.039719,-0.314049,-0.01722,-0.277175,-0.013729,-0.116138,-0.00586,-0.075187,-0.003859,0.08585,0.004009,0.126801,0.00601,0.287838,0.013879,0.313563,0.010761,0.46806,-0.035342,6226775,0.355145
0.006,0.019,0.18,0.11,0.09,0.039,0.022,0.29,0.1,-0.475023,-0.015505,-0.318711,0.03114,-0.288219,0.03463,-0.125409,0.02451,-0.086485,0.022091,0.076325,0.01197,0.11525,0.009551,0.278059,-0.000569,0.316092,-0.003658,0.478401,-0.019943,57756624,0.232637
0.012,0.025,0.19,0.11,0.19,0.025,0.038,0.28,0.29,-0.477485,-0.033066,-0.306147,0.016203,-0.292014,0.018218,-0.113733,0.018789,-0.088733,0.018868,0.089548,0.019439,0.114548,0.019519,0.292828,0.020089,0.306318,0.018141,0.477156,-0.032839,38339960,0.418494
0.003,0.024,0.28,0.17,0.07,0.049,0.047,0.25,0.17,-0.464634,-0.039477,-0.316508,-0.001655,-0.281131,0.002323,-0.128305,-0.001663,-0.079322,-0.002941,0.073505,-0.006927,0.122488,-0.008205,0.275315,-0.012191,0.317227,-0.016313,0.467902,-0.042178,33602280,0.167338
0.014,0.022,0.1,0.09,0.16,0.027,0.036,0.25,0.25,-0.478013,-0.031541,-0.307951,0.011883,-0.290277,0.014104,-0.114759,0.014104,-0.087759,0.014104,0.087759,0.014104,0.114759,0.014104,0.290277,0.014104,0.307951,0.011883,0.478013,-0.031541,11784356,0.434449
0.013,0.02,0.84,0.45,0.04,0.028,0.045,0.15,0.14,-0.479432,-0.042403,-0.308529,-0.016573,-0.287559,-0.015032,-0.114715,-0.015602,-0.086715,-0.015695,0.086128,-0.016265,0.114128,-0.016357,0.286972,-0.016927,0.308704,-0.018487,0.479858,-0.042606,1911672960,0.001164
0.017,0.029,0.69,0.62,0.02,0.039,0.039,0.16,0.24,-0.474536,-0.035395,-0.313901,-0.009472,-0.280351,-0.006341,-0.117694,-0.002089,-0.078707,-0.00107,0.08395,0.003181,0.122937,0.0042,0.285594,0.008452,0.313739,0.00543,0.471788,-0.033247,99299688,0.066098
0.016,0.024,0.13,0.1,0.19,0.031,0.043,0.15,0.29,-0.478248,-0.040201,-0.308902,-0.014607,-0.282561,-0.012023,-0.11147,-0.00423,-0.080502,-0.002819,0.09059,0.004974,0.121558,0.006385,0.29265,0.014179,0.308734,0.012203,0.472851,-0.036772,14574314,0.343685
0.002,0.01,0.31,0.25,0.14,0.03,0.038,0.21,0.18,-0.477408,-0.034038,-0.309634,0.001721,-0.288259,0.003868,-0.116724,0.002185,-0.086726,0.001891,0.084809,0.000208,0.114807,-0.000086,0.286342,-0.001769,0.309668,-0.003989,0.478439,-0.034701,483349344,0.205902
0.006,0.02,0.09,0.08,0.08,0.046,0.02,0.11,0.13,-0.474943,-0.017354,-0.321294,-0.000384,-0.277497,0.002172,-0.122917,0.003196,-0.076918,0.0035,0.077663,0.004523,0.123662,0.004828,0.278242,0.005851,0.321322,0.00319,0.474601,-0.01685,12857693,0.188282
0.004,0.013,0.44,0.25,0.12,0.034,0.043,0.11,0.27,-0.478382,-0.040874,-0.311524,-0.022445,-0.280121,-0.01989,-0.112478,-0.011108,-0.078525,-0.009329,0.089118,-0.000546,0.123071,0.001233,0.290714,0.010015,0.310356,0.007869,0.472146,-0.036908,542591296,0.066102
0.007,0.019,0.07,0.04,0.03,0.038,0.042,0.19,0.27,-0.47341,-0.037656,-0.312131,-0.006639,-0.281321,-0.003299,-0.117143,0.000964,-0.079155,0.001951,0.085023,0.006214,0.12301,0.0072,0.287189,0.011463,0.312202,0.008396,0.470486,-0.03541,36325740,0.34379
0.006,0.02,0.63,0.58,0.04,0.045,0.031,0.17,0.26,-0.47258,-0.026747,-0.317851,-0.000186,-0.277521,0.003846,-0.120596,0.008446,-0.075616,0.009764,0.081309,0.014364,0.12629,0.015683,0.283215,0.020282,0.318571,0.016186,0.470287,-0.024174,168857856,0.052396
0.009,0.017,0.33,0.26,0.19,0.033,0.037,0.29,0.15,-0.473609,-0.030737,-0.311408,0.017666,-0.291378,0.020127,-0.122284,0.012424,-0.089318,0.010923,0.079776,0.00322,0.112742,0.001718,0.281836,-0.005984,0.310788,-0.008824,0.478156,-0.034119,316119968,0.262091
0.01,0.028,0.71,0.68,0.18,0.022,0.029,0.28,0.29,-0.481414,-0.024831,-0.307192,0.025268,-0.293542,0.027213,-0.112262,0.027793,-0.090262,0.027864,0.091019,0.028444,0.113019,0.028514,0.294299,0.029094,0.307455,0.027194,0.481167,-0.024644,98191928,0.20678
0.013,0.027,0.39,0.36,0.13,0.022,0.042,0.16,0.27,-0.482449,-0.039711,-0.304691,-0.011025,-0.288026,-0.009388,-0.108084,-0.002941,-0.086098,-0.002153,0.093845,0.004294,0.115831,0.005081,0.295773,0.011528,0.304661,0.010483,0.478196,-0.037544,52226360,0.221201
0.002,0.011,0.53,0.39,0.07,0.028,0.031,0.19,0.15,-0.480397,-0.027798,-0.310328,0.00491,-0.288843,0.006815,-0.115671,0.004539,-0.087674,0.004171,0.085498,0.001895,0.113495,0.001527,0.286667,-0.000748,0.310283,-0.002679,0.481525,-0.02856,1005508224,0.085345
0.01,0.015,0.06,0.04,0.19,0.025,0.031,0.21,0.27,-0.481312,-0.027713,-0.307831,0.009263,-0.288968,0.011436,-0.111623,0.014882,-0.086627,0.015367,0.090718,0.018813,0.115713,0.019298,0.293058,0.022744,0.308732,0.02077,0.479684,-0.026543,63792428,0.410281
0.006,0.012,0.06,0.03,0,0.025,0.029,0.12,0.22,-0.484118,-0.027295,-0.309061,-0.006187,-0.286677,-0.004473,-0.110447,0.001318,-0.08546,0.002139,0.09077,0.007929,0.115756,0.00875,0.291986,0.01454,0.309397,0.012906,0.481473,-0.025573,115375792,0.260851
0.005,0.01,0.28,0.17,0.15,0.041,0.034,0.1,0.24,-0.476208,-0.031784,-0.316526,-0.015762,-0.277482,-0.012907,-0.117167,-0.005532,-0.076211,-0.003648,0.084104,0.003728,0.125061,0.005612,0.285375,0.012987,0.316121,0.009995,0.472006,-0.028153,417322784,0.087335
0.008,0.023,0.43,0.35,0.05,0.042,0.047,0.17,0.13,-0.471351,-0.04277,-0.314713,-0.015882,-0.281589,-0.013279,-0.122674,-0.015374,-0.080678,-0.015928,0.078237,-0.018023,0.120234,-0.018577,0.279149,-0.020672,0.315497,-0.023278,0.473084,-0.043881,65925960,0.06043
0.004,0.028,0.15,0.12,0.1,0.031,0.048,0.28,0.25,-0.471839,-0.041847,-0.306684,0.005644,-0.290017,0.007911,-0.118178,0.006252,-0.08718,0.005953,0.084659,0.004295,0.115658,0.003995,0.287497,0.002337,0.306602,-0.000157,0.473106,-0.042673,20472722,0.412037
0.012,0.023,0.14,0.13,0.19,0.027,0.029,0.11,0.29,-0.483398,-0.027343,-0.309315,-0.008116,-0.2839,-0.005966,-0.109061,0.004319,-0.082107,0.005904,0.092732,0.016189,0.119686,0.017775,0.294525,0.02806,0.310943,0.026153,0.478771,-0.023929,15835437,0.322624
0.013,0.03,0.66,0.46,0.16,0.023,0.039,0.17,0.23,-0.482068,-0.036492,-0.305976,-0.006265,-0.288978,-0.004649,-0.110346,-0.001147,-0.08735,-0.000696,0.091282,0.002805,0.114278,0.003256,0.29291,0.006758,0.30595,0.005381,0.479912,-0.035351,89470712,0.063737
0.009,0.015,0.46,0.27,0.05,0.041,0.041,0.22,0.13,-0.471047,-0.035538,-0.314549,-0.000542,-0.28421,0.002356,-0.123917,-0.00238,-0.082935,-0.003591,0.077359,-0.008327,0.118341,-0.009537,0.278634,-0.014273,0.315348,-0.017208,0.474358,-0.037997,742903488,0.072634
0.004,0.018,0.51,0.29,0.15,0.04,0.035,0.26,0.27,-0.471674,-0.028682,-0.314313,0.013179,-0.283871,0.017209,-0.121038,0.017733,-0.081038,0.017862,0.081795,0.018385,0.121794,0.018514,0.284627,0.019038,0.314455,0.015036,0.471389,-0.028397,293641920,0.083805
0.016,0.022,0.72,0.49,0.12,0.021,0.039,0.2,0.29,-0.481961,-0.036137,-0.30403,-0.000068,-0.289857,0.001563,-0.108383,0.006845,-0.087392,0.007456,0.094082,0.012738,0.115073,0.013349,0.296546,0.018631,0.304817,0.017546,0.478786,-0.034369,238232416,0.034323
0.002,0.014,0.57,0.4,0.06,0.044,0.044,0.2,0.27,-0.469697,-0.038752,-0.314549,-0.007302,-0.278736,-0.003298,-0.120474,0.000293,-0.076485,0.001292,0.081778,0.004883,0.125767,0.005881,0.28403,0.009473,0.314492,0.005687,0.467061,-0.036538,663710016,0.068413
0.005,0.013,0.25,0.14,0.14,0.029,0.026,0.18,0.14,-0.481079,-0.022984,-0.311806,0.007819,-0.288038,0.009806,-0.116,0.007541,-0.087002,0.00716,0.085037,0.004895,0.114034,0.004513,0.286073,0.002249,0.311644,0.000287,0.482014,-0.023722,390420384,0.171959
0.005,0.017,0.01,0.01,0.04,0.044,0.029,0.19,0.28,-0.472919,-0.024323,-0.317413,0.005584,-0.278449,0.009871,-0.12016,0.014489,-0.076179,0.015773,0.08211,0.020391,0.126091,0.021674,0.28438,0.026293,0.318653,0.021972,0.470842,-0.021791,9334995,0.410615
0.006,0.017,0.26,0.26,0.17,0.032,0.02,0.28,0.22,-0.479096,-0.014799,-0.315162,0.032341,-0.289703,0.035677,-0.119157,0.032372,-0.087163,0.031752,0.083382,0.028447,0.115376,0.027827,0.285921,0.024522,0.313555,0.021199,0.480021,-0.016026,75638904,0.341161
0.016,0.028,0.86,0.78,0.09,0.048,0.038,0.2,0.27,-0.468929,-0.032474,-0.317701,-0.001819,-0.276873,0.002746,-0.122609,0.006247,-0.074621,0.007336,0.079642,0.010836,0.12763,0.011925,0.281894,0.015426,0.31802,0.010936,0.466734,-0.030222,152615568,0.054915
0.007,0.029,0.21,0.15,0.15,0.047,0.039,0.28,0.2,-0.466637,-0.030987,-0.317266,0.011966,-0.282977,0.016346,-0.127604,0.012321,-0.08062,0.011104,0.074752,0.007079,0.121736,0.005862,0.277109,0.001837,0.316894,-0.002676,0.46922,-0.033554,14258210,0.315743
0.01,0.024,0.18,0.1,0.12,0.046,0.04,0.15,0.18,-0.471281,-0.036114,-0.317915,-0.012935,-0.277757,-0.009718,-0.122658,-0.008188,-0.07666,-0.007734,0.07844,-0.006204,0.124438,-0.005751,0.279537,-0.004221,0.317609,-0.007467,0.47021,-0.035236,28652478,0.180478
0.021,0.029,0.52,0.34,0.12,0.048,0.038,0.11,0.19,-0.471973,-0.035136,-0.31989,-0.018339,-0.275213,-0.015288,-0.122258,-0.011254,-0.074275,-0.009989,0.07868,-0.005956,0.126664,-0.004691,0.279619,-0.000657,0.319,-0.003887,0.469255,-0.032784,92131336,0.041711
0.011,0.023,0.73,0.42,0.02,0.043,0.021,0.19,0.29,-0.474921,-0.016562,-0.318307,0.013558,-0.278992,0.017948,-0.119592,0.023109,-0.076615,0.024501,0.082785,0.029662,0.125763,0.031054,0.285162,0.036216,0.320569,0.031629,0.473393,-0.013975,263956496,0.013512
0.019,0.026,0.37,0.29,0.02,0.042,0.039,0.17,0.21,-0.472705,-0.034885,-0.315527,-0.007904,-0.279919,-0.004635,-0.120456,-0.002548,-0.07846,-0.001998,0.081003,0.00009,0.122999,0.00064,0.282462,0.002728,0.315358,-0.000521,0.471331,-0.033766,36972760,0.125306
0.008,0.02,0.33,0.19,0.13,0.04,0.036,0.2,0.3,-0.473247,-0.031309,-0.313807,0.001011,-0.280206,0.004931,-0.117609,0.010183,-0.07763,0.011474,0.084967,0.016726,0.124946,0.018018,0.287543,0.02327,0.314839,0.019594,0.470255,-0.028482,105478984,0.17215
0.002,0.014,0.24,0.14,0.09,0.025,0.021,0.18,0.19,-0.483942,-0.018423,-0.310416,0.013154,-0.289309,0.015093,-0.112933,0.015671,-0.087934,0.015753,0.088442,0.016331,0.113441,0.016413,0.289817,0.016991,0.310557,0.015049,0.483759,-0.018261,160173984,0.132108
0.004,0.018,0.26,0.22,0.06,0.034,0.046,0.18,0.25,-0.475039,-0.042213,-0.309813,-0.012147,-0.283279,-0.009447,-0.115383,-0.00562,-0.081392,-0.004845,0.086504,-0.001017,0.120495,-0.000242,0.288391,0.003585,0.309429,0.001185,0.472148,-0.040364,88022264,0.204501
0.007,0.012,0.22,0.21,0.15,0.038,0.043,0.26,0.21,-0.470584,-0.03667,-0.311841,0.005559,-0.286233,0.008696,-0.121991,0.006034,-0.083996,0.005418,0.080247,0.002756,0.118242,0.00214,0.282485,-0.000522,0.311798,-0.003852,0.472454,-0.038095,217031456,0.332901
0.013,0.028,0.5,0.5,0.13,0.027,0.024,0.2,0.19,-0.482001,-0.02084,-0.310951,0.013834,-0.289066,0.015994,-0.114538,0.015423,-0.087538,0.015335,0.086991,0.014764,0.11399,0.014676,0.288519,0.014105,0.310822,0.011943,0.48221,-0.021019,50341960,0.167997
0.007,0.015,0.43,0.23,0.11,0.022,0.024,0.19,0.25,-0.484665,-0.021491,-0.307899,0.012505,-0.290163,0.01437,-0.110191,0.017883,-0.088195,0.018312,0.091777,0.021825,0.113772,0.022254,0.293744,0.025767,0.308994,0.024002,0.483404,-0.020532,595816384,0.108626
0.009,0.028,0.76,0.68,0.06,0.04,0.029,0.12,0.22,-0.476672,-0.026397,-0.316507,-0.007085,-0.279181,-0.004226,-0.117943,0.001071,-0.077964,0.002385,0.083274,0.007683,0.123252,0.008996,0.28449,0.014294,0.316717,0.01127,0.474153,-0.023936,172817312,0.031685
0.005,0.021,0.39,0.34,0.2,0.037,0.023,0.25,0.11,-0.476385,-0.017708,-0.316878,0.023021,-0.287218,0.026058,-0.122767,0.018506,-0.085806,0.016809,0.078646,0.009256,0.115607,0.007559,0.280058,0.000007,0.315457,-0.002758,0.479087,-0.02083,102553808,0.166113
0.017,0.03,0.08,0.04,0.14,0.048,0.036,0.27,0.22,-0.467267,-0.028294,-0.318404,0.012905,-0.281461,0.017619,-0.127023,0.015122,-0.079029,0.014346,0.07541,0.011848,0.123403,0.011072,0.277842,0.008575,0.317986,0.003813,0.468722,-0.029895,8625358,0.390512
0.007,0.018,0.38,0.27,0.1,0.042,0.028,0.24,0.2,-0.472946,-0.022206,-0.317558,0.01582,-0.283182,0.019739,-0.123222,0.017657,-0.081226,0.017111,0.078734,0.015029,0.120731,0.014483,0.28069,0.012401,0.317071,0.008512,0.473856,-0.02327,211914048,0.134504
0.004,0.026,0.55,0.5,0.15,0.049,0.025,0.13,0.24,-0.472466,-0.021613,-0.321179,-0.001834,-0.274742,0.00203,-0.122267,0.007526,-0.073299,0.009291,0.079176,0.014787,0.128145,0.016552,0.28062,0.022048,0.322059,0.017808,0.47026,-0.01846,67209912,0.094231
0.005,0.013,0.13,0.07,0.11,0.037,0.044,0.2,0.21,-0.473127,-0.039448,-0.311719,-0.006729,-0.283686,-0.00387,-0.118996,-0.003332,-0.081996,-0.003211,0.082694,-0.002674,0.119694,-0.002553,0.284384,-0.002016,0.311661,-0.004845,0.472734,-0.039177,138652688,0.257887
0.004,0.014,0.46,0.42,0.12,0.049,0.04,0.18,0.29,-0.468735,-0.034968,-0.317792,-0.0075,-0.274939,-0.002862,-0.121614,0.002606,-0.072646,0.004353,0.080679,0.009821,0.129648,0.011567,0.282972,0.017035,0.31807,0.012547,0.465085,-0.031324,330246208,0.133454
0.004,0.011,0.81,0.69,0.02,0.041,0.027,0.11,0.17,-0.47666,-0.024586,-0.317781,-0.007039,-0.279338,-0.00454,-0.119524,-0.001375,-0.078532,-0.000563,0.081282,0.002602,0.122274,0.003414,0.282088,0.006579,0.317686,0.0039,0.475228,-0.023143,3252555008,0.012056
0.011,0.021,0.29,0.18,0.17,0.037,0.037,0.23,0.24,-0.473552,-0.031808,-0.312678,0.005859,-0.284481,0.009163,-0.119256,0.009699,-0.082257,0.009818,0.082967,0.010354,0.119967,0.010474,0.285191,0.01101,0.312746,0.007732,0.473235,-0.031542,74291848,0.212156
0.013,0.018,0.2,0.16,0,0.034,0.049,0.25,0.13,-0.471406,-0.043271,-0.308931,-0.001784,-0.289519,0.000269,-0.121961,-0.006314,-0.087987,-0.007649,0.079572,-0.014232,0.113545,-0.015566,0.281104,-0.022149,0.310519,-0.024645,0.476791,-0.046383,300279744,0.26191
0.017,0.029,0.56,0.28,0.18,0.04,0.046,0.19,0.28,-0.471672,-0.041395,-0.312238,-0.010733,-0.279952,-0.00718,-0.117665,-0.002445,-0.077682,-0.001279,0.084605,0.003457,0.124588,0.004623,0.286875,0.009359,0.312033,0.006187,0.468067,-0.038681,66326964,0.077231
0.005,0.017,0.3,0.24,0.1,0.022,0.026,0.25,0.25,-0.482909,-0.02247,-0.308003,0.022191,-0.292777,0.024104,-0.112259,0.024104,-0.090259,0.024104,0.090259,0.024104,0.112259,0.024104,0.292777,0.024104,0.308003,0.022191,0.482909,-0.02247,207931456,0.281374
0.003,0.012,0.07,0.07,0.15,0.042,0.041,0.3,0.11,-0.467822,-0.032963,-0.314696,0.014404,-0.288329,0.017558,-0.128352,0.007634,-0.086433,0.005033,0.073544,-0.00489,0.115463,-0.007491,0.27544,-0.017415,0.31531,-0.020851,0.474626,-0.038447,82682584,0.404511
0.014,0.023,1,0.83,0.2,0.033,0.032,0.19,0.24,-0.477753,-0.028308,-0.311893,0.00359,-0.284714,0.006404,-0.115837,0.009153,-0.082841,0.009691,0.086037,0.012441,0.119032,0.012978,0.28791,0.015728,0.312307,0.012987,0.476366,-0.027161,335275456,0.018843
0.009,0.021,0.6,0.42,0.07,0.021,0.028,0.12,0.16,-0.486224,-0.026542,-0.307704,-0.005016,-0.289763,-0.003819,-0.109966,-0.001445,-0.088968,-0.001168,0.090828,0.001206,0.111827,0.001483,0.291623,0.003857,0.307658,0.002678,0.485173,-0.02597,471519488,0.008235
0.008,0.015,0.97,0.79,0.03,0.029,0.024,0.25,0.25,-0.480013,-0.019667,-0.311889,0.023263,-0.289277,0.026104,-0.115759,0.026104,-0.086759,0.026104,0.086759,0.026104,0.115759,0.026104,0.289277,0.026104,0.311889,0.023263,0.480013,-0.019667,1312605824,0.033661
0.004,0.012,0.4,0.36,0.08,0.039,0.034,0.22,0.27,-0.47355,-0.028925,-0.314031,0.006747,-0.282374,0.010502,-0.118936,0.013145,-0.079941,0.013775,0.083496,0.016418,0.122491,0.017049,0.285928,0.019691,0.314601,0.016033,0.472138,-0.027567,459211872,0.208729
0.012,0.028,0.55,0.44,0.18,0.049,0.034,0.2,0.24,-0.469234,-0.028455,-0.31931,0.001936,-0.277112,0.006448,-0.124152,0.008438,-0.075156,0.009075,0.077804,0.011066,0.1268,0.011703,0.27976,0.013694,0.319532,0.00916,0.46812,-0.027202,60866060,0.120207
0.01,0.024,0.35,0.19,0.14,0.029,0.03,0.22,0.25,-0.479303,-0.026113,-0.31024,0.011693,-0.287845,0.014277,-0.114615,0.015961,-0.085617,0.016243,0.087613,0.017928,0.116612,0.01821,0.289841,0.019895,0.310676,0.01738,0.478529,-0.02548,34246904,0.168458
0.004,0.02,0.25,0.22,0,0.023,0.033,0.22,0.18,-0.481576,-0.029695,-0.307247,0.009288,-0.292158,0.010855,-0.11354,0.008521,-0.090542,0.00822,0.088077,0.005886,0.111075,0.005586,0.289694,0.003252,0.30703,0.001573,0.482778,-0.030408,85136888,0.216189
0.007,0.013,0.48,0.43,0.14,0.042,0.041,0.28,0.23,-0.468487,-0.0336,-0.314082,0.0108,-0.284895,0.014673,-0.124254,0.012083,-0.082259,0.011405,0.078381,0.008814,0.120376,0.008137,0.281017,0.005546,0.313775,0.001494,0.470206,-0.035133,591493696,0.218797
0.012,0.021,0.15,0.13,0.07,0.024,0.034,0.22,0.23,-0.480869,-0.030562,-0.307122,0.008292,-0.290721,0.01013,-0.112683,0.010708,-0.088683,0.010786,0.089355,0.011365,0.113355,0.011443,0.291392,0.012021,0.307214,0.01022,0.480565,-0.030369,49728168,0.333415
0.014,0.029,0.76,0.75,0.12,0.028,0.042,0.26,0.13,-0.475673,-0.036989,-0.307708,0.007693,-0.292773,0.009324,-0.119124,0.00194,-0.091149,0.000751,0.082501,-0.006633,0.110475,-0.007823,0.284125,-0.015206,0.308334,-0.017299,0.480673,-0.039831,147596976,0.079002
0.009,0.027,0.27,0.23,0.18,0.048,0.026,0.21,0.28,-0.471107,-0.020426,-0.320003,0.011781,-0.277368,0.016763,-0.12291,0.020259,-0.074922,0.021345,0.079536,0.024842,0.127524,0.025928,0.281983,0.029425,0.321268,0.024342,0.469749,-0.018355,24619656,0.304376
0.01,0.02,0.07,0.05,0.05,0.026,0.043,0.15,0.21,-0.48072,-0.040574,-0.307329,-0.014369,-0.287057,-0.012645,-0.111731,-0.009195,-0.085736,-0.008683,0.08959,-0.005233,0.115585,-0.004722,0.290912,-0.001272,0.306814,-0.00279,0.478322,-0.039345,28242374,0.286182
0.012,0.02,0.19,0.1,0.01,0.021,0.043,0.21,0.2,-0.480767,-0.039866,-0.304046,-0.0022,-0.29238,-0.00099,-0.11169,-0.001579,-0.090691,-0.001648,0.089999,-0.002237,0.110999,-0.002306,0.291689,-0.002896,0.304077,-0.004159,0.481167,-0.040057,101387968,0.206243
0.006,0.026,0.79,0.56,0.16,0.05,0.041,0.23,0.23,-0.466311,-0.034221,-0.318188,0.000461,-0.278194,0.005081,-0.126065,0.005081,-0.076065,0.005081,0.076065,0.005081,0.126065,0.005081,0.278194,0.005081,0.318188,0.000461,0.466311,-0.034221,128689776,0.024596
0.007,0.016,0.16,0.1,0.12,0.021,0.049,0.18,0.27,-0.480897,-0.046329,-0.302654,-0.013894,-0.289168,-0.012478,-0.108076,-0.007181,-0.087085,-0.006567,0.094008,-0.001271,0.114999,-0.000657,0.296091,0.004639,0.302204,0.0039,0.476811,-0.044424,137834144,0.30003
0.015,0.028,0.62,0.47,0.14,0.037,0.045,0.2,0.26,-0.472929,-0.040428,-0.311033,-0.00761,-0.282469,-0.004463,-0.117313,-0.001246,-0.08032,-0.000526,0.084837,0.00269,0.12183,0.003411,0.286987,0.006627,0.310917,0.003735,0.470553,-0.038732,79408968,0.092789
0.003,0.017,0.17,0.14,0.05,0.027,0.037,0.12,0.15,-0.482168,-0.035118,-0.309672,-0.014318,-0.286832,-0.012833,-0.113095,-0.011111,-0.086097,-0.010844,0.08764,-0.009122,0.114639,-0.008855,0.288376,-0.007133,0.309328,-0.008603,0.481122,-0.034567,63030388,0.151655
0.006,0.014,0.44,0.4,0.06,0.028,0.026,0.1,0.28,-0.483474,-0.024472,-0.310358,-0.007103,-0.283518,-0.004966,-0.109835,0.005271,-0.081883,0.006919,0.0918,0.017156,0.119752,0.018804,0.293435,0.029041,0.312151,0.026963,0.47936,-0.021118,393332864,0.09664
0.017,0.026,0.47,0.28,0.14,0.039,0.024,0.14,0.12,-0.477342,-0.021044,-0.31724,0.001518,-0.281939,0.003876,-0.120258,0.002807,-0.081259,0.002549,0.080421,0.00148,0.119421,0.001223,0.281101,0.000154,0.317246,-0.002137,0.477767,-0.021493,107960784,0.028952
0.007,0.015,0.02,0.01,0.01,0.04,0.045,0.27,0.23,-0.468722,-0.038035,-0.312066,0.005321,-0.285376,0.00877,-0.122846,0.006671,-0.082849,0.006154,0.079682,0.004054,0.119679,0.003537,0.28221,0.001438,0.312004,-0.002199,0.470268,-0.039255,35241968,0.422134
0.008,0.022,0.87,0.54,0.06,0.049,0.027,0.24,0.28,-0.469784,-0.020402,-0.32044,0.016145,-0.278214,0.021512,-0.124475,0.023493,-0.075479,0.024125,0.07826,0.026106,0.127256,0.026737,0.280994,0.028718,0.321229,0.023312,0.468993,-0.019178,273080224,0.019746
0.008,0.013,0.54,0.28,0.14,0.022,0.031,0.15,0.14,-0.484491,-0.029008,-0.307654,-0.002282,-0.290513,-0.001022,-0.111669,-0.001612,-0.089669,-0.001685,0.089175,-0.002275,0.111174,-0.002347,0.290018,-0.002937,0.307687,-0.004205,0.484782,-0.029162,1284929024,0.034738
0.005,0.013,0.22,0.14,0.14,0.038,0.03,0.16,0.13,-0.476463,-0.02659,-0.315685,-0.000644,-0.283005,0.001814,-0.120155,0.000202,-0.082157,-0.000174,0.080693,-0.001785,0.118691,-0.002161,0.281541,-0.003772,0.315788,-0.006172,0.477271,-0.027284,284409056,0.158124
0.004,0.012,0.22,0.21,0.02,0.032,0.037,0.21,0.21,-0.476638,-0.032852,-0.310595,0.002539,-0.28666,0.005062,-0.116887,0.005062,-0.084887,0.005062,0.084887,0.005062,0.116887,0.005062,0.28666,0.005062,0.310595,0.002539,0.476638,-0.032852,221922272,0.235765
0.021,0.03,0.56,0.46,0.17,0.044,0.042,0.15,0.26,-0.471971,-0.038241,-0.315855,-0.014646,-0.276886,-0.011014,-0.119099,-0.005349,-0.075127,-0.00377,0.08266,0.001895,0.126631,0.003474,0.284418,0.009139,0.31536,0.005657,0.467942,-0.034933,67135128,0.117169
0.019,0.028,0.8,0.76,0.12,0.023,0.02,0.28,0.2,-0.483421,-0.016043,-0.310984,0.033542,-0.294481,0.03565,-0.115116,0.031004,-0.092124,0.030408,0.08724,0.025762,0.110232,0.025166,0.289597,0.02052,0.308908,0.018329,0.484756,-0.017317,133836672,0.113748
0.009,0.029,0.24,0.16,0.18,0.036,0.042,0.26,0.11,-0.471808,-0.035961,-0.311632,0.006649,-0.289119,0.009032,-0.123573,0.000894,-0.087616,-0.000874,0.07793,-0.009012,0.113887,-0.01078,0.279433,-0.018918,0.312754,-0.021575,0.477498,-0.03977,36463824,0.227034
0.003,0.012,0.09,0.08,0.11,0.046,0.038,0.15,0.12,-0.47158,-0.034136,-0.318572,-0.011011,-0.278886,-0.008227,-0.124148,-0.00976,-0.078151,-0.010216,0.076587,-0.011749,0.122585,-0.012205,0.277323,-0.013739,0.318984,-0.016448,0.472616,-0.034973,35705140,0.209411
0.006,0.025,0.65,0.33,0.09,0.037,0.036,0.15,0.19,-0.476328,-0.032831,-0.313985,-0.008295,-0.282101,-0.005689,-0.117929,-0.003531,-0.080932,-0.003045,0.08324,-0.000888,0.120237,-0.000402,0.284409,0.001756,0.313802,-0.00085,0.475034,-0.031858,259754224,0.004312
0.009,0.012,0.01,0.01,0.02,0.029,0.025,0.23,0.3,-0.480182,-0.021036,-0.31085,0.018612,-0.287372,0.021592,-0.113504,0.025508,-0.084511,0.026161,0.089357,0.030076,0.118349,0.030729,0.292217,0.034645,0.312615,0.031796,0.47876,-0.019598,12121316,0.488831
0.006,0.03,0.02,0.01,0.13,0.037,0.031,0.29,0.17,-0.473408,-0.024415,-0.314948,0.022871,-0.288805,0.02617,-0.123565,0.019734,-0.086593,0.018294,0.078647,0.011857,0.115619,0.010417,0.280859,0.00398,0.31354,0.000554,0.476522,-0.027423,9645177,0.419804
0.01,0.02,0.01,0.01,0.16,0.021,0.048,0.14,0.26,-0.482905,-0.046065,-0.303829,-0.02083,-0.287758,-0.019386,-0.107052,-0.0123,-0.086068,-0.011478,0.094638,-0.004392,0.115622,-0.00357,0.296328,0.003516,0.302746,0.002804,0.477513,-0.043687,87157328,0.378539
0.007,0.021,0.16,0.14,0.16,0.041,0.046,0.15,0.23,-0.472856,-0.04242,-0.314103,-0.018427,-0.27901,-0.015327,-0.11851,-0.011124,-0.077524,-0.010051,0.082977,-0.005847,0.123963,-0.004774,0.284463,-0.000571,0.313225,-0.003512,0.469553,-0.040115,17623684,0.261715
0.003,0.01,0.36,0.32,0.06,0.03,0.048,0.12,0.28,-0.479362,-0.045859,-0.308569,-0.025265,-0.281938,-0.022966,-0.110143,-0.013983,-0.080184,-0.012417,0.091611,-0.003435,0.12157,-0.001868,0.293365,0.007114,0.306989,0.005556,0.472319,-0.041985,558941888,0.135263
0.017,0.026,0.78,0.77,0.13,0.037,0.048,0.2,0.25,-0.472333,-0.043368,-0.310545,-0.010572,-0.282673,-0.007546,-0.117616,-0.004865,-0.080621,-0.004264,0.084435,-0.001582,0.12143,-0.000981,0.286486,0.001701,0.310254,-0.00109,0.4702,-0.041931,122655856,0.077387
0.015,0.026,0.2,0.12,0.16,0.031,0.04,0.28,0.15,-0.474049,-0.034159,-0.309577,0.013136,-0.291941,0.015242,-0.120958,0.008002,-0.089985,0.00669,0.080998,-0.00055,0.111971,-0.001861,0.282954,-0.009101,0.309481,-0.01166,0.478697,-0.037235,8260555.5,0.282979
0.014,0.026,0.57,0.41,0.19,0.044,0.022,0.17,0.21,-0.474595,-0.017961,-0.319389,0.008681,-0.279142,0.012376,-0.121679,0.014438,-0.077682,0.015014,0.07978,0.017076,0.123777,0.017652,0.28124,0.019714,0.31988,0.015897,0.473897,-0.016931,68428032,0.060425
0.016,0.025,0.58,0.53,0.15,0.039,0.024,0.16,0.21,-0.476925,-0.020587,-0.316584,0.005289,-0.281266,0.008412,-0.118872,0.011072,-0.079878,0.011711,0.082516,0.014372,0.121511,0.01501,0.283905,0.017671,0.317078,0.014449,0.475925,-0.019408,71504592,0.083017
0.013,0.028,0.41,0.33,0.08,0.029,0.043,0.17,0.24,-0.478434,-0.039927,-0.308155,-0.010697,-0.28566,-0.008522,-0.112935,-0.004576,-0.083943,-0.003913,0.088782,0.000033,0.117774,0.000695,0.290499,0.004641,0.307876,0.002747,0.475694,-0.038321,55340412,0.163206
0.009,0.017,0.03,0.03,0.1,0.027,0.038,0.1,0.12,-0.482774,-0.036462,-0.310149,-0.019142,-0.286759,-0.017894,-0.113271,-0.016744,-0.086272,-0.016565,0.087216,-0.015416,0.114215,-0.015237,0.287703,-0.014087,0.309804,-0.015342,0.482048,-0.036111,40545132,0.209365
0.002,0.016,0.16,0.12,0.18,0.038,0.042,0.23,0.25,-0.471925,-0.036562,-0.311926,0.0009,-0.28373,0.00425,-0.119408,0.005314,-0.081408,0.00556,0.082914,0.006624,0.120913,0.00687,0.285236,0.007934,0.311982,0.004661,0.4712,-0.035994,63936748,0.335719
0.01,0.016,0.42,0.24,0.03,0.03,0.024,0.14,0.15,-0.481798,-0.021672,-0.312625,0.002168,-0.286041,0.004076,-0.115197,0.00464,-0.085198,0.004739,0.085646,0.005302,0.115646,0.005401,0.28649,0.005965,0.312656,0.004042,0.481582,-0.021489,639431680,0.03847
0.009,0.028,0.07,0.05,0.17,0.035,0.048,0.13,0.25,-0.476425,-0.045326,-0.311144,-0.023718,-0.280643,-0.02113,-0.114084,-0.014587,-0.079111,-0.013213,0.087448,-0.006669,0.122421,-0.005295,0.28898,0.001248,0.309663,-0.000939,0.471169,-0.042178,9110390,0.322173
0.007,0.022,0.57,0.37,0.07,0.038,0.045,0.27,0.29,-0.469685,-0.038302,-0.310498,0.005755,-0.284901,0.009315,-0.119733,0.010373,-0.081734,0.010617,0.083434,0.011675,0.121433,0.011918,0.286601,0.012976,0.310651,0.009543,0.468926,-0.037688,66450724,0.065222
0.007,0.019,0.91,0.74,0.14,0.04,0.035,0.2,0.29,-0.473445,-0.030329,-0.314135,0.001965,-0.280477,0.005837,-0.117996,0.010567,-0.078012,0.01173,0.084469,0.01646,0.124452,0.017623,0.286934,0.022353,0.315064,0.018662,0.470827,-0.027819,543459968,0.029234
0.009,0.029,0.6,0.53,0.15,0.049,0.043,0.22,0.29,-0.466707,-0.036617,-0.31671,-0.003075,-0.27672,0.001799,-0.123058,0.005269,-0.074071,0.006375,0.079591,0.009845,0.128578,0.010951,0.28224,0.014421,0.316944,0.009752,0.464227,-0.034199,70934664,0.160921
0.002,0.014,0.2,0.14,0.14,0.042,0.037,0.25,0.29,-0.470499,-0.030654,-0.314536,0.00917,-0.281869,0.013488,-0.120915,0.015556,-0.078919,0.016096,0.082035,0.018164,0.124032,0.018704,0.284985,0.020772,0.315051,0.016579,0.469297,-0.02945,124844400,0.314574
0.013,0.022,0.51,0.43,0,0.04,0.021,0.14,0.21,-0.477265,-0.018004,-0.317533,0.004506,-0.280182,0.007556,-0.118914,0.011262,-0.078925,0.012181,0.082343,0.015887,0.122332,0.016806,0.2836,0.020511,0.318295,0.017257,0.476062,-0.016369,131338592,0.04745
0.012,0.025,0.04,0.03,0.17,0.037,0.031,0.15,0.26,-0.477075,-0.027887,-0.314038,-0.003247,-0.280778,-0.000146,-0.115996,0.00577,-0.07902,0.007098,0.085763,0.013014,0.122739,0.014341,0.287521,0.020258,0.314806,0.017188,0.474152,-0.025202,18134614,0.367512
0.011,0.019,0.38,0.32,0.11,0.023,0.025,0.13,0.1,-0.485356,-0.023298,-0.30931,-0.000282,-0.289896,0.000884,-0.11236,-0.000879,-0.089362,-0.001108,0.088174,-0.002871,0.111173,-0.0031,0.288709,-0.004863,0.309404,-0.006002,0.486062,-0.023727,213155216,0.061583
0.003,0.027,0.28,0.14,0.01,0.036,0.045,0.19,0.27,-0.473825,-0.040791,-0.310583,-0.009396,-0.282243,-0.006324,-0.116065,-0.002009,-0.080077,-0.001074,0.086101,0.003241,0.122089,0.004175,0.288267,0.00849,0.310438,0.005771,0.470649,-0.038569,37771184,0.19066
0.003,0.017,0.5,0.38,0.18,0.028,0.024,0.2,0.14,-0.481511,-0.02074,-0.311744,0.013673,-0.289267,0.015705,-0.116082,0.012291,-0.088087,0.011739,0.085099,0.008325,0.113093,0.007773,0.286279,0.004359,0.311263,0.00236,0.482788,-0.021812,267395104,0.060802
0.016,0.025,0.21,0.18,0.17,0.045,0.025,0.25,0.2,-0.472014,-0.018656,-0.31982,0.020206,-0.282113,0.024633,-0.125056,0.022081,-0.080062,0.02135,0.076996,0.018798,0.12199,0.018067,0.279047,0.015516,0.319035,0.011175,0.472982,-0.020032,9741407,0.306336
0.014,0.022,0.26,0.2,0.03,0.029,0.024,0.23,0.14,-0.48041,-0.020062,-0.312445,0.019266,-0.290012,0.021522,-0.117579,0.016437,-0.088592,0.015582,0.083842,0.010497,0.112829,0.009642,0.285262,0.004557,0.311473,0.002331,0.482293,-0.021742,108299544,0.181947
0.003,0.012,0.12,0.08,0.18,0.048,0.027,0.1,0.18,-0.473424,-0.024469,-0.321296,-0.009205,-0.275407,-0.006301,-0.122569,-0.002265,-0.074585,-0.000998,0.078253,0.003038,0.126236,0.004305,0.279075,0.008341,0.321132,0.005105,0.471554,-0.022267,50963616,0.159078
0.01,0.014,0.45,0.34,0.01,0.031,0.032,0.29,0.15,-0.475997,-0.026232,-0.311879,0.022743,-0.292149,0.025167,-0.121057,0.017374,-0.090089,0.015963,0.081002,0.008169,0.11197,0.006759,0.283062,-0.001035,0.310546,-0.00373,0.479892,-0.029324,984523584,0.268442
0.01,0.018,0.06,0.04,0.03,0.038,0.046,0.28,0.3,-0.469028,-0.038958,-0.310065,0.006752,-0.285224,0.010334,-0.119824,0.011391,-0.081825,0.011633,0.083576,0.01269,0.121575,0.012933,0.286975,0.013989,0.310238,0.01055,0.468255,-0.038331,50353760,0.471743
0.005,0.01,0.69,0.38,0.07,0.045,0.045,0.23,0.15,-0.467834,-0.038685,-0.315401,-0.002994,-0.282438,0.000377,-0.125936,-0.003722,-0.080951,-0.0049,0.075551,-0.008999,0.120535,-0.010177,0.277037,-0.014275,0.31623,-0.017737,0.471028,-0.041132,1926289280,0.067171
0.004,0.012,0.17,0.12,0.1,0.046,0.043,0.11,0.15,-0.472419,-0.040215,-0.31865,-0.023232,-0.276943,-0.020659,-0.122252,-0.018614,-0.076256,-0.018006,0.078434,-0.015961,0.12443,-0.015353,0.27912,-0.013307,0.317866,-0.015961,0.470832,-0.03908,143040928,0.119172
0.002,0.014,0.32,0.26,0.03,0.029,0.038,0.22,0.29,-0.477557,-0.03392,-0.308042,0.003987,-0.286831,0.006572,-0.113174,0.010494,-0.084181,0.011148,0.089475,0.015069,0.118468,0.015724,0.292125,0.019645,0.308791,0.017403,0.475239,-0.032267,359540384,0.26616
0.016,0.022,0.92,0.89,0.13,0.034,0.04,0.23,0.15,-0.474329,-0.035071,-0.311185,0.003128,-0.287805,0.005519,-0.120307,0.001132,-0.086319,0.000242,0.08118,-0.004144,0.115168,-0.005035,0.282666,-0.009421,0.311539,-0.011971,0.477213,-0.03701,287840032,0.019296
0.006,0.029,0.9,0.51,0.09,0.02,0.025,0.15,0.21,-0.486376,-0.023225,-0.307052,0.003877,-0.290411,0.005292,-0.109086,0.008861,-0.089089,0.009254,0.092236,0.012822,0.112232,0.013216,0.293557,0.016784,0.307632,0.01544,0.485008,-0.022366,338037856,0.004995
0.002,0.011,0.1,0.06,0.15,0.033,0.043,0.26,0.16,-0.473,-0.037313,-0.30974,0.006118,-0.28976,0.008399,-0.120912,0.002894,-0.087929,0.001819,0.080919,-0.003686,0.113901,-0.004762,0.282749,-0.010267,0.31008,-0.012907,0.47686,-0.039822,139496992,0.352072
0.007,0.019,0.81,0.61,0.14,0.047,0.032,0.16,0.21,-0.471702,-0.027847,-0.319259,-0.003246,-0.277136,0.000478,-0.122741,0.003008,-0.075747,0.003778,0.078648,0.006307,0.125642,0.007077,0.280037,0.009606,0.319322,0.005791,0.470346,-0.026398,661418752,0.012125
0.006,0.013,0.11,0.07,0.04,0.044,0.03,0.22,0.27,-0.471983,-0.024476,-0.317344,0.010105,-0.279939,0.014542,-0.121501,0.017104,-0.077506,0.017815,0.080932,0.020377,0.124926,0.021089,0.283364,0.02365,0.318077,0.019221,0.470795,-0.023045,130547264,0.328507
0.015,0.02,0.3,0.23,0.16,0.028,0.035,0.14,0.28,-0.481253,-0.032704,-0.308861,-0.00841,-0.2843,-0.006124,-0.110385,0.001815,-0.082415,0.003092,0.0915,0.011032,0.119471,0.012309,0.293386,0.020248,0.309557,0.018344,0.476873,-0.029768,100446800,0.199029
0.018,0.028,0.05,0.03,0.18,0.044,0.021,0.14,0.2,-0.475285,-0.017725,-0.319604,0.004214,-0.27834,0.007516,-0.121151,0.010615,-0.077159,0.011482,0.080029,0.014581,0.124021,0.015448,0.28121,0.018547,0.320181,0.015024,0.474266,-0.016211,12155916,0.294278
0.015,0.024,0.5,0.25,0.08,0.032,0.029,0.2,0.22,-0.478558,-0.025243,-0.312162,0.008487,-0.286054,0.011192,-0.116278,0.012299,-0.084278,0.012508,0.085498,0.013615,0.117497,0.013824,0.287273,0.014931,0.312369,0.012242,0.478057,-0.024809,127230496,0.046551
0.005,0.022,0.29,0.16,0.11,0.033,0.034,0.17,0.12,-0.477986,-0.030718,-0.312521,-0.002315,-0.286074,-0.000281,-0.118213,-0.00305,-0.085217,-0.003594,0.082645,-0.006362,0.11564,-0.006907,0.283502,-0.009675,0.312871,-0.011682,0.479548,-0.03178,52844872,0.08979
0.008,0.015,0.58,0.31,0.16,0.03,0.044,0.21,0.2,-0.476157,-0.039906,-0.308238,-0.004116,-0.287884,-0.002004,-0.116194,-0.002565,-0.086194,-0.002662,0.085496,-0.003223,0.115496,-0.003321,0.287186,-0.003881,0.308289,-0.006033,0.476558,-0.040143,910819520,0.043237
0.005,0.017,0.34,0.32,0.19,0.045,0.045,0.28,0.16,-0.46594,-0.037029,-0.314878,0.006409,-0.284963,0.010031,-0.127899,0.003899,-0.082933,0.002143,0.074131,-0.003989,0.119096,-0.005744,0.27616,-0.011876,0.315442,-0.015798,0.470618,-0.040841,177779424,0.248732
0.011,0.016,0.55,0.34,0.19,0.031,0.046,0.27,0.16,-0.472792,-0.040199,-0.307931,0.005427,-0.291419,0.00737,-0.120471,0.001245,-0.089491,0.000135,0.081457,-0.005989,0.112437,-0.007099,0.283386,-0.013224,0.308496,-0.01569,0.477369,-0.042943,742992384,0.103577
0.007,0.018,0.11,0.1,0.08,0.033,0.028,0.18,0.19,-0.478754,-0.024594,-0.313098,0.005551,-0.285286,0.008106,-0.11691,0.008658,-0.083911,0.008766,0.084465,0.009318,0.117464,0.009426,0.28584,0.009978,0.313163,0.007419,0.478509,-0.02438,34258148,0.281341
0.006,0.028,0.03,0.02,0.04,0.031,0.028,0.22,0.25,-0.478763,-0.023943,-0.311652,0.013427,-0.286865,0.016286,-0.115635,0.017952,-0.084636,0.018253,0.086594,0.019918,0.117592,0.02022,0.288822,0.021885,0.31214,0.01907,0.478055,-0.023295,2742741.25,0.414175
0.014,0.022,0.24,0.2,0.07,0.047,0.034,0.29,0.1,-0.467759,-0.02586,-0.319113,0.018498,-0.284971,0.022405,-0.130146,0.012781,-0.083237,0.009866,0.071588,0.000242,0.118497,-0.002674,0.273322,-0.012298,0.318874,-0.015998,0.473223,-0.031484,74411600,0.232863
0.009,0.017,0.64,0.45,0.07,0.023,0.044,0.18,0.25,-0.480808,-0.04123,-0.30476,-0.009195,-0.288823,-0.007573,-0.10993,-0.003495,-0.086936,-0.002971,0.091957,0.001107,0.114951,0.001632,0.293844,0.00571,0.304595,0.004483,0.477972,-0.039787,672159232,0.035455
0.012,0.025,0.93,0.75,0.01,0.035,0.035,0.13,0.29,-0.47811,-0.032436,-0.312327,-0.010762,-0.280212,-0.007829,-0.113244,0.000883,-0.078292,0.002706,0.088676,0.011418,0.123628,0.013242,0.290596,0.021954,0.313009,0.019275,0.473222,-0.028534,309441536,0.0187
0.005,0.026,0.23,0.14,0.07,0.025,0.038,0.1,0.21,-0.483769,-0.036562,-0.308485,-0.018975,-0.285973,-0.01744,-0.109925,-0.011061,-0.084941,-0.010156,0.091107,-0.003777,0.116091,-0.002872,0.29214,0.003507,0.307559,0.002164,0.479853,-0.034559,29312666,0.154145
0.009,0.028,0.46,0.45,0.13,0.032,0.044,0.28,0.26,-0.472463,-0.037865,-0.308173,0.009378,-0.289239,0.011984,-0.118295,0.010885,-0.086296,0.01068,0.084648,0.009581,0.116647,0.009376,0.287591,0.008278,0.308024,0.005539,0.473226,-0.038408,41880732,0.283413
0.005,0.014,0.27,0.22,0.12,0.031,0.05,0.27,0.21,-0.471725,-0.044054,-0.306555,0.001658,-0.290428,0.003689,-0.119081,0.00036,-0.088087,-0.000242,0.083259,-0.003571,0.114253,-0.004173,0.285599,-0.007502,0.306804,-0.009945,0.474418,-0.04567,339084384,0.319177
0.005,0.015,0.75,0.61,0.17,0.05,0.041,0.27,0.27,-0.46497,-0.032846,-0.31757,0.007948,-0.279411,0.013131,-0.12647,0.013131,-0.07647,0.013131,0.07647,0.013131,0.12647,0.013131,0.279411,0.013131,0.31757,0.007948,0.46497,-0.032846,685000576,0.065747
0.008,0.021,0.03,0.02,0.12,0.041,0.022,0.25,0.2,-0.474694,-0.016244,-0.318624,0.023607,-0.284064,0.027665,-0.123007,0.025048,-0.082013,0.024382,0.079044,0.021765,0.120039,0.021099,0.281095,0.018483,0.317671,0.014513,0.475538,-0.017489,9388480,0.399433
0.011,0.019,0.59,0.47,0.13,0.041,0.026,0.17,0.3,-0.475397,-0.022157,-0.316224,0.005166,-0.278842,0.009146,-0.117485,0.015947,-0.076521,0.017674,0.084836,0.024475,0.1258,0.026202,0.287157,0.033003,0.318445,0.028946,0.472732,-0.018781,243490528,0.070407
0.005,0.016,0.23,0.15,0.01,0.049,0.027,0.22,0.24,-0.470198,-0.021003,-0.320754,0.012416,-0.278062,0.017272,-0.124929,0.018266,-0.07593,0.018584,0.077202,0.019578,0.126201,0.019896,0.279334,0.02089,0.321038,0.015998,0.469784,-0.020402,222163184,0.213711
0.003,0.011,0.36,0.33,0.13,0.04,0.027,0.11,0.18,-0.477157,-0.024641,-0.317205,-0.006975,-0.279672,-0.004474,-0.118791,-0.000759,-0.078802,0.000164,0.08208,0.003879,0.122069,0.004802,0.282951,0.008517,0.317165,0.005827,0.475489,-0.022983,461386560,0.059929
0.007,0.017,0.04,0.02,0.13,0.023,0.028,0.27,0.14,-0.481448,-0.023918,-0.308964,0.023818,-0.295047,0.025409,-0.11624,0.017821,-0.093261,0.016846,0.085546,0.009259,0.108525,0.008283,0.287332,0.000696,0.307489,-0.001148,0.484705,-0.026121,19915354,0.384724
0.009,0.015,0.41,0.21,0.01,0.028,0.048,0.2,0.24,-0.476743,-0.044262,-0.306238,-0.009699,-0.287429,-0.007688,-0.113471,-0.005424,-0.085473,-0.00506,0.088485,-0.002796,0.116483,-0.002432,0.290441,-0.000169,0.306005,-0.001942,0.474992,-0.043296,739264512,0.111762
0.014,0.021,0.43,0.32,0.16,0.05,0.028,0.28,0.22,-0.468236,-0.020001,-0.321601,0.022165,-0.280859,0.027504,-0.128311,0.024548,-0.07832,0.023579,0.074228,0.020623,0.124219,0.019654,0.276768,0.016698,0.320592,0.011427,0.469492,-0.021869,118753560,0.160595
0.004,0.015,0.4,0.2,0.03,0.041,0.033,0.12,0.24,-0.475697,-0.030309,-0.316313,-0.01109,-0.278129,-0.008042,-0.117714,-0.001728,-0.076746,-0.000115,0.083669,0.006199,0.124637,0.007812,0.285052,0.014126,0.316306,0.010979,0.472243,-0.027181,509732768,0.046263
0.005,0.011,0.79,0.54,0.19,0.049,0.032,0.12,0.17,-0.471845,-0.028837,-0.321053,-0.010655,-0.275536,-0.007543,-0.123672,-0.005039,-0.074679,-0.004231,0.077185,-0.001726,0.126179,-0.000918,0.278042,0.001586,0.320744,-0.001698,0.470439,-0.027394,3120539136,0.012527
0.01,0.016,0.54,0.43,0.04,0.045,0.041,0.3,0.28,-0.466389,-0.03252,-0.31506,0.014292,-0.283443,0.018967,-0.125043,0.017955,-0.080044,0.017668,0.078357,0.016656,0.123356,0.016368,0.281756,0.015356,0.314811,0.01059,0.467046,-0.033185,602725568,0.16352
0.019,0.029,0.39,0.37,0.16,0.026,0.023,0.19,0.18,-0.48289,-0.020131,-0.31067,0.01299,-0.289323,0.014989,-0.113948,0.014415,-0.087948,0.014329,0.087427,0.013755,0.113427,0.01367,0.288802,0.013095,0.31055,0.011096,0.483092,-0.020301,50976680,0.201896
0.011,0.024,0.35,0.27,0.17,0.027,0.031,0.25,0.16,-0.47925,-0.026696,-0.309862,0.016555,-0.291868,0.018549,-0.11712,0.013416,-0.090132,0.012623,0.084615,0.00749,0.111604,0.006697,0.286351,0.001564,0.309144,-0.000601,0.481734,-0.028453,27882004,0.192627
0.009,0.013,0.51,0.43,0.03,0.04,0.048,0.15,0.2,-0.473052,-0.044472,-0.313592,-0.020372,-0.280204,-0.017588,-0.118955,-0.014941,-0.078961,-0.014285,0.082288,-0.011638,0.122283,-0.010982,0.283532,-0.008335,0.312807,-0.01103,0.470863,-0.04307,710848512,0.059646
0.004,0.025,0.56,0.35,0.12,0.032,0.033,0.29,0.19,-0.475232,-0.027047,-0.311867,0.021703,-0.291048,0.0244,-0.120654,0.018882,-0.088671,0.017847,0.081723,0.012329,0.113707,0.011294,0.284101,0.005776,0.31064,0.002813,0.478056,-0.029384,70959336,0.080455
0.012,0.016,0.16,0.15,0.14,0.024,0.043,0.24,0.15,-0.478123,-0.038915,-0.305554,0.003315,-0.293389,0.004601,-0.115805,-0.000626,-0.091815,-0.001332,0.085769,-0.006559,0.109759,-0.007265,0.287343,-0.012492,0.306043,-0.014175,0.481709,-0.040724,172157056,0.335315
0.017,0.026,0.3,0.16,0.13,0.043,0.03,0.18,0.3,-0.473476,-0.025666,-0.316499,0.002899,-0.278068,0.007121,-0.118633,0.013316,-0.075666,0.014986,0.08377,0.021182,0.126737,0.022851,0.286172,0.029047,0.318165,0.024845,0.470595,-0.022306,52336148,0.210882
0.006,0.016,0.15,0.14,0.19,0.036,0.031,0.21,0.21,-0.475933,-0.026567,-0.313802,0.00799,-0.28466,0.011062,-0.118887,0.011062,-0.082887,0.011062,0.082887,0.011062,0.118887,0.011062,0.28466,0.011062,0.313802,0.00799,0.475933,-0.026567,26221306,0.312502
0.002,0.011,0.38,0.24,0.05,0.038,0.037,0.18,0.19,-0.474683,-0.033001,-0.313946,-0.003751,-0.282756,-0.000885,-0.119381,-0.00035,-0.081381,-0.000225,0.081994,0.00031,0.119994,0.000434,0.283369,0.00097,0.313918,-0.001891,0.474354,-0.032746,602940096,0.131579
0.002,0.016,0.17,0.1,0.04,0.034,0.041,0.25,0.16,-0.473385,-0.03552,-0.31078,0.006,-0.288663,0.00845,-0.120912,0.003523,-0.086927,0.002524,0.080823,-0.002403,0.114808,-0.003402,0.282559,-0.008329,0.311006,-0.011031,0.476685,-0.037768,208610784,0.278993
0.003,0.01,0.03,0.02,0.11,0.037,0.041,0.19,0.29,-0.47409,-0.036768,-0.311584,-0.005515,-0.281343,-0.002139,-0.115946,0.003217,-0.078966,0.004414,0.086431,0.00977,0.123411,0.010968,0.288808,0.016323,0.311975,0.013322,0.470548,-0.033998,75923736,0.386818
0.003,0.017,0.18,0.09,0.18,0.021,0.037,0.27,0.23,-0.480011,-0.032859,-0.305044,0.015565,-0.294772,0.016892,-0.113243,0.014547,-0.092245,0.014276,0.089285,0.011931,0.110283,0.01166,0.291812,0.009314,0.304578,0.007756,0.481341,-0.033632,97465760,0.327764
0.017,0.029,0.87,0.53,0.19,0.042,0.021,0.2,0.29,-0.475247,-0.016409,-0.317896,0.015487,-0.279885,0.01986,-0.119402,0.024532,-0.07742,0.025754,0.083062,0.030425,0.125045,0.031647,0.285527,0.036318,0.320025,0.031792,0.473872,-0.014118,160941008,0.024794
0.003,0.021,0.75,0.46,0.01,0.047,0.041,0.12,0.22,-0.471761,-0.037892,-0.318545,-0.019417,-0.275289,-0.016105,-0.121047,-0.011037,-0.074072,-0.009494,0.08017,-0.004426,0.127144,-0.002882,0.281386,0.002186,0.317513,-0.001205,0.468119,-0.034883,699001408,0.007156
0.004,0.021,0.49,0.42,0.05,0.038,0.042,0.21,0.21,-0.472662,-0.037117,-0.312487,-0.002976,-0.28366,0.000062,-0.119887,0.000062,-0.081887,0.000062,0.081887,0.000062,0.119887,0.000062,0.28366,0.000062,0.312487,-0.002976,0.472662,-0.037117,115512640,0.094907
0.009,0.018,0.79,0.69,0.15,0.038,0.022,0.2,0.2,-0.477008,-0.017787,-0.316662,0.014717,-0.283411,0.018053,-0.119804,0.018053,-0.081804,0.018053,0.081804,0.018053,0.119804,0.018053,0.283411,0.018053,0.316662,0.014717,0.477008,-0.017787,452638272,0.020934
0.006,0.021,0.26,0.16,0.19,0.041,0.022,0.24,0.22,-0.474858,-0.016497,-0.318341,0.021806,-0.283301,0.025916,-0.122169,0.02487,-0.08117,0.024604,0.079963,0.023558,0.120962,0.023291,0.282094,0.022246,0.317941,0.018169,0.475193,-0.016996,41507112,0.2322
0.005,0.029,0.05,0.04,0.18,0.048,0.041,0.17,0.26,-0.469409,-0.036349,-0.317637,-0.010296,-0.275729,-0.006106,-0.121803,-0.001594,-0.073823,-0.000187,0.080103,0.004324,0.128082,0.005731,0.282008,0.010243,0.31745,0.006136,0.466266,-0.033452,16106536,0.366982
0.009,0.014,0.47,0.4,0.08,0.04,0.027,0.3,0.22,-0.472914,-0.019884,-0.317357,0.028236,-0.286931,0.032434,-0.124155,0.028239,-0.084169,0.027208,0.078607,0.023013,0.118594,0.021983,0.28137,0.017788,0.315684,0.01355,0.47459,-0.021985,687025152,0.252498
0.018,0.028,0.15,0.13,0.15,0.027,0.036,0.11,0.26,-0.48263,-0.0343,-0.30894,-0.015117,-0.284222,-0.013146,-0.109687,-0.004566,-0.082719,-0.003241,0.091816,0.00534,0.118783,0.006665,0.293319,0.015246,0.308826,0.013604,0.477699,-0.031319,9158928,0.287144
0.015,0.023,0.13,0.12,0.17,0.042,0.023,0.24,0.15,-0.474135,-0.017349,-0.31905,0.020603,-0.283805,0.024328,-0.124212,0.01963,-0.082231,0.018394,0.077362,0.013697,0.119343,0.012461,0.278936,0.007764,0.31793,0.004256,0.475799,-0.019604,9559021,0.316728
0.005,0.028,0.23,0.15,0.08,0.028,0.023,0.11,0.26,-0.48356,-0.021324,-0.310864,-0.002251,-0.284361,-0.000138,-0.110824,0.008394,-0.082858,0.009768,0.090678,0.018299,0.118644,0.019674,0.292181,0.028205,0.312651,0.026039,0.480558,-0.018628,21475352,0.211019
0.017,0.027,0.56,0.48,0.19,0.046,0.035,0.11,0.24,-0.473297,-0.032264,-0.318728,-0.015192,-0.275238,-0.011866,-0.11987,-0.005235,-0.073912,-0.003274,0.081455,0.003358,0.127413,0.005319,0.28278,0.01195,0.318288,0.008435,0.46934,-0.02853,65625012,0.081873
0.003,0.019,0.66,0.33,0.12,0.036,0.035,0.15,0.13,-0.476972,-0.031917,-0.31403,-0.007291,-0.283694,-0.005112,-0.118905,-0.0062,-0.082906,-0.006438,0.081883,-0.007525,0.117882,-0.007763,0.282671,-0.008851,0.314213,-0.011009,0.477615,-0.032371,871351872,0.001129
0.015,0.027,0.67,0.63,0.07,0.022,0.034,0.29,0.22,-0.479737,-0.029435,-0.306581,0.022237,-0.295533,0.023723,-0.114879,0.019644,-0.092884,0.019147,0.087771,0.015068,0.109765,0.014572,0.29042,0.010492,0.3055,0.008654,0.481845,-0.03078,92249000,0.154028
0.002,0.015,0.31,0.26,0.05,0.045,0.038,0.13,0.2,-0.472764,-0.034763,-0.317908,-0.014517,-0.277156,-0.011393,-0.121023,-0.007799,-0.076035,-0.006764,0.080097,-0.00317,0.125085,-0.002135,0.281217,0.001459,0.317339,-0.001746,0.470399,-0.032772,133295456,0.085416
0.009,0.025,0.17,0.15,0.15,0.033,0.033,0.11,0.18,-0.479977,-0.030989,-0.313068,-0.012555,-0.283033,-0.010553,-0.115153,-0.006677,-0.082162,-0.005915,0.085717,-0.002039,0.118709,-0.001277,0.286588,0.002599,0.312647,0.000551,0.477859,-0.029513,12509246,0.206709
0.005,0.027,0.01,0.01,0.14,0.045,0.032,0.29,0.1,-0.469289,-0.02423,-0.318726,0.0207,-0.285845,0.024463,-0.129024,0.014716,-0.084111,0.011924,0.07271,0.002176,0.117623,-0.000616,0.274444,-0.010364,0.318079,-0.013908,0.474418,-0.029594,48202708,0.359036
0.011,0.024,0.34,0.2,0.15,0.031,0.028,0.2,0.13,-0.479246,-0.024362,-0.312465,0.009446,-0.287985,0.011618,-0.117857,0.007702,-0.086865,0.006988,0.083264,0.003072,0.114255,0.002359,0.284384,-0.001557,0.312263,-0.003694,0.481001,-0.025754,22774444,0.101004
0.003,0.014,0.94,0.51,0.15,0.034,0.041,0.27,0.28,-0.47268,-0.03498,-0.309751,0.010112,-0.287172,0.013215,-0.118119,0.013758,-0.084119,0.013867,0.084934,0.014409,0.118933,0.014518,0.287986,0.015061,0.309862,0.012014,0.472331,-0.034705,1432663296,0.038494
0.002,0.014,0.32,0.19,0.05,0.043,0.027,0.16,0.26,-0.474473,-0.02323,-0.317565,0.002092,-0.278273,0.005887,-0.11942,0.011067,-0.076443,0.012468,0.08241,0.017647,0.125388,0.019049,0.284241,0.024228,0.318686,0.020294,0.472281,-0.020565,384325056,0.138843
0.007,0.018,0.33,0.31,0.16,0.048,0.029,0.11,0.26,-0.472961,-0.02619,-0.320145,-0.009312,-0.274078,-0.005639,-0.120518,0.00191,-0.072576,0.004267,0.080985,0.011816,0.128927,0.014172,0.282488,0.021722,0.320773,0.01767,0.469351,-0.021855,61741692,0.149721
0.018,0.025,0.82,0.42,0.19,0.043,0.025,0.21,0.21,-0.473761,-0.019969,-0.318476,0.013129,-0.28116,0.017062,-0.122387,0.017062,-0.079387,0.017062,0.079387,0.017062,0.122387,0.017062,0.28116,0.017062,0.318476,0.013129,0.473761,-0.019969,442579840,0.008069
0.006,0.011,0.08,0.08,0.03,0.038,0.025,0.18,0.12,-0.476831,-0.021195,-0.316502,0.00798,-0.283783,0.010607,-0.120853,0.007385,-0.08286,0.006634,0.08007,0.003412,0.118063,0.00266,0.280993,-0.000562,0.316354,-0.003037,0.478144,-0.022546,160906128,0.275547
0.004,0.021,0.48,0.36,0.08,0.03,0.022,0.27,0.26,-0.479675,-0.017202,-0.313103,0.028898,-0.289586,0.032054,-0.116753,0.031498,-0.086753,0.031401,0.08608,0.030845,0.11608,0.030749,0.288913,0.030193,0.312824,0.027028,0.479848,-0.017404,103148952,0.14948
0.005,0.026,0.31,0.25,0.07,0.043,0.044,0.21,0.27,-0.4698,-0.038551,-0.313923,-0.005327,-0.279717,-0.001386,-0.120369,0.001709,-0.077377,0.002545,0.081972,0.00564,0.124964,0.006476,0.284312,0.009571,0.313938,0.00584,0.467543,-0.036671,26495440,0.232785
0.005,0.016,0.5,0.38,0.02,0.024,0.044,0.14,0.22,-0.481978,-0.041895,-0.306307,-0.017139,-0.287414,-0.015565,-0.110069,-0.010912,-0.086077,-0.010283,0.091269,-0.005629,0.115261,-0.005,0.292606,-0.000347,0.305557,-0.001605,0.478687,-0.040321,492313408,0.049564
0.005,0.017,0.37,0.36,0.02,0.028,0.049,0.23,0.18,-0.475198,-0.044518,-0.306042,-0.004911,-0.290383,-0.003232,-0.116676,-0.006066,-0.08868,-0.006523,0.085028,-0.009358,0.113024,-0.009815,0.286731,-0.012649,0.30653,-0.014599,0.477454,-0.045702,258867040,0.188699
0.003,0.026,0.38,0.21,0.1,0.039,0.04,0.15,0.13,-0.474741,-0.036637,-0.314766,-0.012459,-0.282227,-0.010122,-0.120438,-0.01119,-0.081439,-0.011447,0.08035,-0.012515,0.119349,-0.012773,0.281138,-0.013841,0.315052,-0.016161,0.475479,-0.037135,49231564,0.055135
0.015,0.022,0.53,0.45,0.19,0.037,0.031,0.15,0.13,-0.477075,-0.027887,-0.315122,-0.00341,-0.283167,-0.001115,-0.119378,-0.002197,-0.082379,-0.002441,0.08141,-0.003522,0.118409,-0.003766,0.282198,-0.004848,0.315227,-0.007107,0.477637,-0.02834,159196720,0.043917
0.009,0.023,0.14,0.09,0.07,0.038,0.033,0.12,0.23,-0.477186,-0.030488,-0.314932,-0.010924,-0.279841,-0.008179,-0.116518,-0.002281,-0.078543,-0.00091,0.08478,0.004988,0.122755,0.006359,0.286078,0.012257,0.314851,0.009459,0.473977,-0.027799,25492314,0.223057
0.011,0.03,0.16,0.09,0.01,0.05,0.032,0.27,0.3,-0.46737,-0.024172,-0.319629,0.016716,-0.278765,0.022466,-0.125477,0.023938,-0.075479,0.024417,0.077808,0.025888,0.127806,0.026368,0.281093,0.027839,0.320212,0.022119,0.46666,-0.023183,18166448,0.373872
0.002,0.016,0.3,0.17,0.02,0.025,0.033,0.1,0.22,-0.484268,-0.031587,-0.308883,-0.01399,-0.285948,-0.012388,-0.109819,-0.005432,-0.084839,-0.004445,0.091289,0.002511,0.11627,0.003498,0.292398,0.010454,0.308583,0.00899,0.4806,-0.029477,164459760,0.056227
0.015,0.024,0.21,0.17,0.19,0.034,0.05,0.22,0.15,-0.472498,-0.045085,-0.309079,-0.008541,-0.287551,-0.006413,-0.12014,-0.010253,-0.086149,-0.011033,0.081262,-0.014872,0.115253,-0.015652,0.282665,-0.019492,0.310144,-0.021874,0.475719,-0.046898,43239064,0.251015
0.004,0.017,0.62,0.56,0.14,0.024,0.026,0.22,0.24,-0.482615,-0.022755,-0.308773,0.01612,-0.290568,0.01819,-0.112436,0.019347,-0.088436,0.019502,0.089696,0.020659,0.113695,0.020815,0.291827,0.021971,0.309134,0.019941,0.482164,-0.022402,340669504,0.095619
0.009,0.016,0.7,0.49,0.13,0.038,0.045,0.17,0.28,-0.473661,-0.041137,-0.311792,-0.013351,-0.280084,-0.010078,-0.115953,-0.004211,-0.077977,-0.002853,0.086153,0.003014,0.124129,0.004372,0.28826,0.010239,0.311464,0.007391,0.469304,-0.037997,818214080,0.032826
0.008,0.012,0.64,0.62,0.06,0.042,0.022,0.19,0.26,-0.475223,-0.017638,-0.317987,0.012602,-0.280025,0.016655,-0.119949,0.020296,-0.07796,0.021251,0.082116,0.024892,0.124105,0.025847,0.284181,0.029489,0.319314,0.025301,0.47405,-0.015862,787345728,0.058363
0.02,0.03,0.04,0.02,0,0.027,0.049,0.14,0.2,-0.479794,-0.046637,-0.30728,-0.022326,-0.286286,-0.020646,-0.112101,-0.017212,-0.085106,-0.01668,0.08908,-0.013246,0.116074,-0.012714,0.29026,-0.00928,0.306288,-0.010729,0.477034,-0.045341,11302758,0.281052
0.022,0.03,0.62,0.61,0.15,0.029,0.05,0.14,0.12,-0.478665,-0.047487,-0.308661,-0.02353,-0.28711,-0.022091,-0.11543,-0.023226,-0.086431,-0.023417,0.085249,-0.024552,0.114249,-0.024744,0.285929,-0.025879,0.309169,-0.027352,0.479619,-0.047905,81747072,0.061983
0.01,0.023,0.62,0.41,0.13,0.036,0.034,0.22,0.25,-0.475014,-0.029252,-0.312783,0.007026,-0.284307,0.010311,-0.118076,0.011928,-0.082078,0.012278,0.084152,0.013894,0.12015,0.014244,0.286381,0.015861,0.313078,0.012638,0.474148,-0.02849,126442120,0.04702
0.003,0.01,0.13,0.09,0.05,0.022,0.033,0.16,0.27,-0.483883,-0.030826,-0.306125,-0.002139,-0.288348,-0.000393,-0.108406,0.006053,-0.08642,0.006841,0.093523,0.013288,0.115508,0.014076,0.295451,0.020523,0.307062,0.019157,0.480596,-0.02887,214687344,0.301295
0.006,0.024,0.84,0.8,0.19,0.035,0.041,0.18,0.28,-0.475443,-0.037205,-0.310852,-0.007254,-0.282154,-0.004194,-0.114949,0.001233,-0.079967,0.002369,0.087238,0.007796,0.122219,0.008931,0.289424,0.014359,0.311073,0.011665,0.471851,-0.034567,131566896,0.057656
0.008,0.016,0.12,0.09,0.15,0.021,0.046,0.11,0.12,-0.484514,-0.044569,-0.306067,-0.024861,-0.290028,-0.023951,-0.110498,-0.023356,-0.089498,-0.023287,0.090033,-0.022692,0.111033,-0.022623,0.290563,-0.022028,0.305828,-0.02292,0.484069,-0.044412,37461616,0.168697
0.02,0.03,0.25,0.2,0.18,0.042,0.035,0.26,0.17,-0.470708,-0.028425,-0.316093,0.012706,-0.284831,0.016328,-0.124908,0.01164,-0.082926,0.01041,0.076998,0.005722,0.11898,0.004491,0.278903,-0.000196,0.315695,-0.003875,0.473381,-0.030943,14508761,0.28111
0.002,0.013,0.12,0.09,0.08,0.037,0.046,0.17,0.12,-0.473984,-0.042207,-0.312462,-0.014481,-0.284272,-0.012313,-0.12041,-0.015015,-0.083415,-0.015625,0.080447,-0.018328,0.117442,-0.018938,0.281304,-0.02164,0.31342,-0.023836,0.476126,-0.043455,107840392,0.200422
0.006,0.023,0.77,0.59,0.09,0.023,0.021,0.24,0.21,-0.483838,-0.017665,-0.309918,0.024897,-0.292445,0.026917,-0.113401,0.025172,-0.090402,0.024948,0.088641,0.023202,0.11164,0.022978,0.290683,0.021233,0.309257,0.019184,0.484375,-0.018141,101941944,0.019633
0.003,0.021,0.72,0.68,0.12,0.048,0.032,0.29,0.29,-0.467852,-0.023801,-0.318943,0.020635,-0.281096,0.026162,-0.125699,0.026162,-0.077699,0.026162,0.077699,0.026162,0.125699,0.026162,0.281096,0.026162,0.318943,0.020635,0.467852,-0.023801,121128376,0.111776
0.017,0.028,0.17,0.13,0.04,0.046,0.039,0.26,0.22,-0.467747,-0.031776,-0.316656,0.008417,-0.281962,0.012725,-0.125629,0.0107,-0.079633,0.010104,0.076699,0.008079,0.122696,0.007484,0.279028,0.005459,0.316466,0.001079,0.469043,-0.033041,27499118,0.319948
0.006,0.012,0,0,0.18,0.022,0.034,0.29,0.24,-0.479737,-0.029435,-0.306417,0.022286,-0.295146,0.023839,-0.114297,0.02093,-0.0923,0.020577,0.08855,0.017668,0.110547,0.017314,0.291396,0.014405,0.305545,0.012583,0.481233,-0.030411,193662400,0.477996
0.013,0.019,0.2,0.1,0.14,0.025,0.039,0.23,0.26,-0.478938,-0.035123,-0.306178,0.005327,-0.29002,0.007273,-0.112596,0.008994,-0.087597,0.009237,0.089827,0.010958,0.114826,0.011201,0.29225,0.012922,0.306425,0.011139,0.477894,-0.034476,115485048,0.284021
0.01,0.021,0.09,0.05,0.06,0.036,0.03,0.29,0.26,-0.474173,-0.0236,-0.314083,0.024173,-0.287702,0.027895,-0.120644,0.026288,-0.084645,0.025941,0.082414,0.024333,0.118412,0.023987,0.285471,0.022379,0.313441,0.018585,0.474893,-0.024364,37890888,0.430686
0.014,0.022,0.39,0.31,0.2,0.023,0.031,0.15,0.27,-0.483997,-0.028933,-0.306997,-0.002182,-0.287555,-0.000339,-0.108682,0.00666,-0.085699,0.007559,0.093174,0.014558,0.116156,0.015458,0.295029,0.022457,0.308123,0.020938,0.480648,-0.026809,83316112,0.1725
0.006,0.025,0.57,0.53,0.1,0.049,0.024,0.17,0.16,-0.471793,-0.019509,-0.321891,0.006223,-0.277384,0.009941,-0.12529,0.009441,-0.076291,0.00928,0.075803,0.00878,0.124802,0.008619,0.276896,0.008119,0.321838,0.004441,0.471989,-0.01979,65864748,0.062501
0.015,0.023,0.1,0.1,0.09,0.046,0.042,0.24,0.25,-0.467676,-0.035329,-0.315739,0.001852,-0.280247,0.00619,-0.123828,0.006696,-0.077828,0.006845,0.078591,0.007351,0.12459,0.007499,0.281009,0.008005,0.315767,0.003695,0.467324,-0.035004,17979558,0.387648
0.006,0.019,0.15,0.15,0.2,0.044,0.031,0.3,0.29,-0.469821,-0.023114,-0.317428,0.024027,-0.283671,0.029074,-0.124153,0.028565,-0.080153,0.028425,0.079364,0.027916,0.123364,0.027776,0.282881,0.027267,0.317197,0.0222,0.470054,-0.023415,14812050,0.483918
